14;Mark;Philips;Telus;8210 111 ST NW;Edmonton;AB;Canada;T6G 2C7;+1 (780) 434-4554;+1 (780) 434-5565;mphilips12@shaw.ca;5
15;Jennifer;Peterson;Rogers Canada;700 W Pender Street;Vancouver;BC;Canada;V6C 1G8;+1 (604) 688-2255;+1 (604) 688-8756;jenniferp@rogers.ca;3
16;Frank;Harris;Google Inc.;1600 Amphitheatre Parkway;Mountain View;CA;USA;94043-1351;+1 (650) 253-0000;+1 (650) 253-0000;fharris@google.com;4
17;Jack;Smith;Microsoft Corporation;1 Microsoft Way;Redmond;WA;USA;98052-8300;+1 (425) 882-8080;+1 (425) 882-8081;jacksmith@microsoft.com;5
18;Michelle;Brooks;\N;627 Broadway;New York;NY;USA;10012-2612;+1 (212) 221-3546;+1 (212) 221-4679;michelleb@aol.com;3
19;Tim;Goyer;Apple Inc.;1 Infinite Loop;Cupertino;CA;USA;95014;+1 (408) 996-1010;+1 (408) 996-1011;tgoyer@apple.com;3
20;Dan;Miller;\N;541 Del Medio Avenue;Mountain View;CA;USA;94040-111;+1 (650) 644-3358;\N;dmiller@comcast.com;4
21;Kathy;Chase;\N;801 W 4th Street;Reno;NV;USA;89503;+1 (775) 223-7665;\N;kachase@hotmail.com;5
22;Heather;Leacock;\N;120 S Orange Ave;Orlando;FL;USA;32801;+1 (407) 999-7788;\N;hleacock@gmail.com;4
23;John;Gordon;\N;69 Salem Street;Boston;MA;USA;2113;+1 (617) 522-1333;\N;johngordon22@yahoo.com;4
24;Frank;Ralston;\N;162 E Superior Street;Chicago;IL;USA;60611;+1 (312) 332-3232;\N;fralston@gmail.com;3
25;Victor;Stevens;\N;319 N. Frances Street;Madison;WI;USA;53703;+1 (608) 257-0597;\N;vstevens@yahoo.com;5
26;Richard;Cunningham;\N;2211 W Berry Street;Fort Worth;TX;USA;76110;+1 (817) 924-7272;\N;ricunningham@hotmail.com;4
27;Patrick;Gray;\N;1033 N Park Ave;Tucson;AZ;USA;85719;+1 (520) 622-4200;\N;patrick.gray@aol.com;4
28;Julia;Barnett;\N;302 S 700 E;Salt Lake City;UT;USA;84102;+1 (801) 531-7272;\N;jubarnett@gmail.com;5
29;Robert;Brown;\N;796 Dundas Street West;Toronto;ON;Canada;M6J 1V1;+1 (416) 363-8888;\N;robbrown@shaw.ca;3
30;Edward;Francis;\N;230 Elgin Street;Ottawa;ON;Canada;K2P 1L7;+1 (613) 234-3322;\N;edfrancis@yachoo.ca;3
31;Martha;Silk;\N;194A Chain Lake Drive;Halifax;NS;Canada;B3S 1C5;+1 (902) 450-0450;\N;marthasilk@gmail.com;5
32;Aaron;Mitchell;\N;696 Osborne Street;Winnipeg;MB;Canada;R3L 2B9;+1 (204) 452-6452;\N;aaronmitchell@yahoo.ca;4
33;Ellie;Sullivan;\N;5112 48 Street;Yellowknife;NT;Canada;X1A 1N6;+1 (867) 920-2233;\N;ellie.sullivan@shaw.ca;3
39;Camille;Bernard;\N;4, Rue Milton;Paris;\N;France;75009;+33 01 49 70 65 65;\N;camille.bernard@yahoo.fr;4
40;Dominique;Lefebvre;\N;8, Rue Hanovre;Paris;\N;France;75002;+33 01 47 42 71 71;\N;dominiquelefebvre@gmail.com;4
41;Marc;Dubois;\N;11, Place Bellecour;Lyon;\N;France;69002;+33 04 78 30 30 30;\N;marc.dubois@hotmail.com;5
42;Wyatt;Girard;\N;9, Place Louis Barthou;Bordeaux;\N;France;33000;+33 05 56 96 96 96;\N;wyatt.girard@yahoo.fr;3
43;Isabelle;Mercier;\N;68, Rue Jouvence;Dijon;\N;France;21000;+33 03 80 73 66 99;\N;isabelle_mercier@apple.fr;3
46;Hugh;O'Reilly;\N;3 Chatham Street;Dublin;Dublin;Ireland;\N;+353 01 6792424;\N;hughoreilly@apple.ie;3
47;Lucas;Mancini;\N;Via Degli Scipioni, 43;Rome;RM;Italy;00192;+39 06 39733434;\N;lucas.mancini@yahoo.it;5
48;Johannes;Van der Berg;\N;Lijnbaansgracht 120bg;Amsterdam;VV;Netherlands;1016;+31 020 6223130;\N;johavanderberg@yahoo.nl;5
51;Joakim;Johansson;\N;Celsiusg. 9;Stockholm;\N;Sweden;11230;+46 08-651 52 52;\N;joakim.johansson@yahoo.se;5
52;Emma;Jones;\N;202 Hoxton Street;London;\N;United Kingdom;N1 5LH;+44 020 7707 0707;\N;emma_jones@hotmail.com;3
53;Phil;Hughes;\N;113 Lupus St;London;\N;United Kingdom;SW1V 3EN;+44 020 7976 5722;\N;phil.hughes@gmail.com;3
54;Steve;Murray;\N;110 Raeburn Pl;Edinburgh;\N;United Kingdom;EH4 1HH;+44 0131 315 3300;\N;steve.murray@yahoo.uk;5
55;Mark;Taylor;\N;421 Bourke Street;Sidney;NSW;Australia;2010;+61 (02) 9332 3633;\N;mark.taylor@yahoo.au;4
57;Luis;Rojas;\N;Calle Lira, 198;Santiago;\N;Chile;\N;+56 (0)2 635 4444;\N;luisrojas@yahoo.cl;5
58;Manoj;Pareek;\N;12,Community Centre;Delhi;\N;India;110017;+91 0124 39883988;\N;manoj.pareek@rediff.com;3
59;Puja;Srivastava;\N;3,Raj Bhavan Road;Bangalore;\N;India;560001;+91 080 22289999;\N;puja_srivastava@yahoo.in;3
60;Timothy;Sanchez;Blizzard;0385 Melvin Fall Apt. 745\nHannahborough, CO 94601-3249;Palooza;az;Guatemala;S6Z l6x;+502 51760149;1(780)836-9938;JenniferKennedy@gmail.com;4
61;Gabriel;Richardson;Google;03409 Holt Rapids Apt. 593\nPort Amanda, WY 98540;Palooza;az;USA;G1r c5O;+502 88837665;1(780)583-2264;AaronSmith@gmail.com;4
62;Catherine;Boyd;Microsoft;PSC 3200, Box 0870\nAPO AE 44034-4109;Palooza;ta;England;L7s f5S;+502 96016698;1(780)261-8260;MaryRandolph@gmail.com;7
63;Ryan;Powers;Microsoft;1082 Jason Neck\nDerekmouth, DC 06243;Guatemala City;ta;England;N5h m2M;+502 58507817;1(780)449-6281;TamaraMitchell@gmail.com;9
64;Ruth;Cole;Blizzard;PSC 3802, Box 0813\nAPO AP 08295;Guatemala City;ta;Guatemala;D7k Y5y;+502 50535898;1(780)487-1866;VanessaPatterson@gmail.com;9
65;William;Phillips;Microsoft;3517 Mcintyre Club\nErnestshire, PW 24469-8140;Stuttgart;ar;USA;t5i E7X;+502 86876979;1(780)227-9256;JohnNavarro@gmail.com;5
66;Tracy;Jones;Apple;17535 Craig Throughway\nGabrielmouth, ME 14253;Palooza;az;England;d8g o3x;+502 59906303;1(780)551-4113;ScottGreen@gmail.com;2
67;Nathaniel;Hart;Apple;608 Richardson Glen\nJacobtown, AS 97444-7981;Guatemala City;ta;Germany;U7t y2r;+502 98234183;1(780)737-5016;SheilaNelson@gmail.com;3
68;David;Daniels;Blizzard;729 Jessica Well Apt. 045\nPort William, WI 01934-6057;Guatemala City;ta;England;L7y Y6K;+502 55259096;1(780)974-7196;TammyJordan@gmail.com;9
69;Christina;Jordan;Blizzard;8662 Kayla Mills Apt. 389\nShannonstad, SC 86150;Stuttgart;ta;Guatemala;t4p B3K;+502 20593195;1(780)405-8105;CaitlinSanchez@gmail.com;8
70;Cory;Moore;Microsoft;Unit 5692 Box 6640\nDPO AP 51220-4518;Stuttgart;ar;England;q3b i2u;+502 93470941;1(780)155-4263;CharlesDavis@gmail.com;10
71;Joseph;Freeman;Apple;086 Ruth Ville Suite 781\nTommyborough, AS 28974-3518;Guatemala City;ar;France;H8H T6y;+502 78466827;1(780)143-8774;SusanWagner@gmail.com;6
72;Breanna;Peterson;Apple;0162 Anderson Extensions\nLucasview, WY 22613-0841;Stuttgart;kl;England;G6p H8Z;+502 38737362;1(780)682-8242;JosephNash@gmail.com;1
73;Adam;Hubbard;Google;7718 Mccoy Glens Apt. 264\nNew Sean, GA 55965;Stuttgart;ar;Germany;C3W m2y;+502 62847984;1(780)104-5697;MaryCarter@gmail.com;7
74;Rodney;Espinoza;Blizzard;USS Quinn\nFPO AE 70596-0493;Guatemala City;az;Germany;Q2n S3b;+502 14459319;1(780)226-9354;JamesRobinson@gmail.com;1
75;Richard;Bauer;Google;093 Justin Mount Suite 290\nStephaniemouth, LA 08398-8266;Palooza;kl;USA;f2g M7j;+502 69775369;1(780)767-8922;JillianSullivan@gmail.com;6
76;Lisa;Williams;Apple;192 Eric Crossroad\nEast Vincent, SC 33218;Stuttgart;ta;USA;s8h P1Z;+502 27689339;1(780)595-8280;BrittanyBarber@gmail.com;9
77;Brian;Jones;Apple;1136 Martin Plains\nMichaelchester, DE 29637-3008;Palooza;kl;Germany;G1s X8O;+502 53380441;1(780)436-4066;JoshuaHamilton@gmail.com;1
78;Edwin;Andrade;Google;PSC 1291, Box 9508\nAPO AP 64730-8679;Palooza;kl;USA;m5j w6H;+502 62556256;1(780)620-1026;StephenBradley@gmail.com;3
79;Dr.;Anthony;Google;3675 Lisa Center\nAndretown, ND 89706;Palooza;ta;France;P8h V6C;+502 93403524;1(780)946-5306;DeniseRobinson@gmail.com;2
80;Stacie;Moore;Google;78021 Lori Expressway\nJeffersonberg, KY 84271-2321;Guatemala City;kl;USA;W6b G5c;+502 57821921;1(780)707-8342;AmyLee@gmail.com;1
81;John;Taylor;Blizzard;783 Griffith Fort Apt. 050\nDavidfort, MD 20426-0490;Palooza;az;France;v4i T3E;+502 93765941;1(780)743-8372;DanielPeterson@gmail.com;6
82;Amanda;Nunez;Google;7173 Johnson Club\nJasonbury, GA 05100;Palooza;kl;USA;s2M T5e;+502 96088801;1(780)345-8303;RichardWatson@gmail.com;2
83;Becky;Robertson;Blizzard;72424 Jill Stream\nNew Gregoryview, TX 27267-1081;Guatemala City;kl;USA;r5g R5e;+502 61945900;1(780)728-6672;BrittanyKim@gmail.com;6
84;Carol;Deleon;Microsoft;9465 Ross Shores Apt. 614\nAvilaborough, WY 58262;Stuttgart;ta;Germany;n5X z6a;+502 78222501;1(780)386-6657;MichelleWarren@gmail.com;10
85;Nicholas;Morgan;Blizzard;5258 Mayer Ville\nTaylorshire, IA 39448-1558;Guatemala City;ta;France;c4I A1b;+502 94163160;1(780)628-5311;JamesHarmon@gmail.com;9
86;Brian;Pace;Apple;90270 Jensen Expressway Apt. 837\nGreerside, TX 53040-3794;Palooza;ar;Guatemala;J1F A8y;+502 93003877;1(780)384-1560;JeffreyRhodes@gmail.com;8
87;Michael;Sullivan;Apple;6562 Norman Ranch\nEast Janet, NH 11111-3795;Guatemala City;ar;France;n7k a8w;+502 39174871;1(780)107-3313;SandraCampbell@gmail.com;7
88;Preston;Roberts;Microsoft;8840 Sanchez Turnpike Apt. 739\nHollyfurt, NJ 47532;Stuttgart;ar;Guatemala;E2M C8u;+502 64530072;1(780)123-5398;AprilDuffy@gmail.com;10
89;Mrs.;Lisa;Google;02178 Michael Glen Suite 636\nNew Chadview, ID 30048-7553;Palooza;ar;England;a6F Y2u;+502 14951175;1(780)841-7937;MatthewWhite@gmail.com;12
90;Susan;Eaton;Apple;111 Gina Plains\nPort Stevenburgh, TX 15902-5826;Palooza;az;France;N3I N3G;+502 73671408;1(780)240-2199;ChristieFlowers@gmail.com;6
91;Brian;Spencer;Google;870 Paul Grove Suite 810\nAnnetteberg, LA 51907-8818;Stuttgart;kl;USA;u5j G1e;+502 27106032;1(780)267-4947;SusanGregory@gmail.com;2
92;Michael;Sheppard;Google;185 Jeanne Throughway Apt. 155\nSouth Jamesside, AK 57527-1139;Palooza;kl;USA;y6i L4E;+502 66786758;1(780)957-4872;RoyMorrow@gmail.com;16
93;Patrick;Hughes;Apple;3890 Griffith Drive\nCarpenterbury, NJ 67468;Stuttgart;kl;Germany;C3F T4A;+502 52364248;1(780)526-2939;BarbaraLewis@gmail.com;13
94;Robert;Brown;Microsoft;8001 Newton Squares Suite 344\nAllenhaven, IN 27164;Palooza;kl;Germany;D4t r2G;+502 48800083;1(780)702-3459;AliciaPrince@gmail.com;3
95;Kaylee;Jennings;Microsoft;34873 Powers Cape Suite 457\nNorth Amanda, MP 29059-1387;Palooza;az;Guatemala;q8a V3H;+502 16747983;1(780)162-9202;NormaRodriguez@gmail.com;15
96;Brianna;Garza;Blizzard;1906 Stone Cliff\nCrystalborough, MP 47440;Palooza;az;Germany;K3c w1g;+502 38779023;1(780)884-5889;JamesSmith@gmail.com;11
97;Daniel;Ray;Google;8220 Francis Extensions\nMillertown, HI 80539;Stuttgart;ar;England;c8U K5m;+502 79515930;1(780)938-5355;KelseyClay@gmail.com;10
98;Kevin;Hanson;Google;683 Saunders Views Apt. 542\nNorth Lauren, ID 82298-4271;Palooza;ar;Guatemala;a4u l3e;+502 13756282;1(780)566-1467;DustinVillarreal@gmail.com;4
99;Michael;Hernandez;Apple;829 Thomas Isle\nRyanmouth, NH 42095-5980;Palooza;az;France;v2h I1W;+502 28978714;1(780)798-1258;ZacharyOrtiz@gmail.com;12
100;Marc;Erickson;Google;290 Kennedy Highway Suite 714\nNorth Robert, RI 93124;Palooza;ar;France;i6d E5k;+502 96390499;1(780)749-4426;NicholasCampos@gmail.com;9
101;Lynn;Tyler;Microsoft;129 Heather Forest Apt. 320\nMicheleburgh, AZ 69521;Palooza;ar;Germany;S2H a2E;+502 97528195;1(780)843-6761;KarenNelson@gmail.com;2
102;Neil;Barber;Google;PSC 2075, Box 9981\nAPO AA 99948;Stuttgart;kl;England;D2T X6b;+502 12126543;1(780)509-9641;MichaelLong@gmail.com;5
103;Sara;Jenkins;Google;569 Jenkins Junctions Suite 982\nLake Michaelmouth, HI 98675-7730;Palooza;ar;England;U5B z5M;+502 25286029;1(780)902-6823;EricaGonzalez@gmail.com;8
104;Julia;Thompson;Google;1349 Lam Rue Suite 272\nNew Michael, NC 29305;Stuttgart;ar;Germany;N7Y e7C;+502 62460529;1(780)402-9067;EdwardGibson@gmail.com;11
105;Kenneth;Adkins;Google;4456 Christopher Lane\nChaneyfurt, AK 30351;Palooza;ta;Germany;e7W P6A;+502 96111250;1(780)506-2382;DavidDrake@gmail.com;10
106;Jeremy;Garcia;Google;Unit 9292 Box 8652\nDPO AA 09541;Stuttgart;az;France;S5T W2V;+502 91689793;1(780)710-3573;SusanGarcia@gmail.com;16
107;Donald;Williams;Blizzard;7231 Graham Roads Suite 382\nLake Xavier, MH 49262-0395;Palooza;kl;Germany;w6z r4d;+502 96250578;1(780)120-1853;ElizabethHarris@gmail.com;6
108;Ana;Simmons;Apple;003 Montoya Falls Apt. 548\nSouth Johnville, MD 69445;Guatemala City;az;England;L1q o5w;+502 96694101;1(780)976-5828;MaxwellMoore@gmail.com;2
109;Jessica;Burns;Microsoft;3361 Heidi Locks\nVincentview, PA 19864;Guatemala City;kl;USA;h5X J7C;+502 44129675;1(780)623-3316;KatherineWilson@gmail.com;7
110;Abigail;Berger;Google;8140 Maddox Squares Apt. 677\nJohnsonmouth, MO 55303;Stuttgart;ar;England;P5k z8b;+502 12043991;1(780)695-7042;AndrewAcevedo@gmail.com;18
111;Troy;Benson;Apple;58038 Lee Mountains\nNew Michael, IL 61655;Guatemala City;az;USA;N6d H3w;+502 76776263;1(780)891-6441;JeremyLopez@gmail.com;7
112;Cynthia;Baker;Microsoft;2532 Vasquez Way\nMataland, ME 67363-3993;Stuttgart;kl;Germany;D2n q1p;+502 61226379;1(780)247-2367;MeganOwens@gmail.com;9
113;Theresa;Garcia;Blizzard;5069 Boyd Gardens Apt. 573\nWest Michaelstad, NE 10540-7169;Palooza;az;France;A6e U1E;+502 12641309;1(780)496-7534;DonaldJohnston@gmail.com;20
114;Scott;Marks;Blizzard;98132 Bush Pines\nSouth Paul, NY 62199-0994;Stuttgart;ar;France;d1e p5e;+502 36883842;1(780)636-4015;StuartObrien@gmail.com;2
115;Amy;Austin;Blizzard;1614 Brett Mount\nKennethborough, GU 69754;Stuttgart;kl;Germany;l1H x6C;+502 25372678;1(780)484-2373;MarilynSmith@gmail.com;6
116;Anthony;Harris;Apple;24053 Simon Flats\nEast Amber, IA 47174-0506;Palooza;az;France;M8H V4P;+502 65005486;1(780)725-7416;AntonioPhillips@gmail.com;20
117;William;Gregory;Apple;28695 White Locks\nNew Albert, AZ 83250-9260;Guatemala City;kl;England;B6G V8B;+502 41954212;1(780)559-4270;JenniferLambert@gmail.com;13
118;Hannah;Allison;Microsoft;905 Bianca Drives Apt. 234\nRobertschester, VA 54913-1937;Stuttgart;kl;Germany;Y3T O3h;+502 79524540;1(780)666-3399;PatrickAvila@gmail.com;10
119;Christopher;Torres;Microsoft;USCGC Johnson\nFPO AA 28207-0542;Stuttgart;az;Guatemala;g2N L4q;+502 72880681;1(780)653-9632;ArielHernandez@gmail.com;33
120;Brian;Anderson;Microsoft;51697 Michele Island Apt. 428\nRobinsonshire, AL 23236-1746;Stuttgart;kl;Germany;L6p Y1F;+502 31358031;1(780)935-7517;GaryAlvarez@gmail.com;20
121;Kenneth;Frazier;Apple;03270 Brianna Forges Apt. 761\nMorganland, CT 21413;Stuttgart;ta;England;C4s D6E;+502 18531727;1(780)331-7414;GeorgeMccarty@gmail.com;2
122;Tara;Watson;Apple;60182 James Cliffs\nNorth Seth, UT 79477;Stuttgart;az;England;m7E Z5j;+502 61019511;1(780)808-5876;JesseHarrell@gmail.com;1
123;Nicole;Bradley;Apple;87773 Cole Pines Apt. 209\nAshleytown, NM 12032;Guatemala City;kl;England;B6G o4z;+502 90712009;1(780)532-4678;AndreChandler@gmail.com;4
124;Rachel;Anderson;Apple;76844 Bruce Plaza\nParkerhaven, UT 58025;Palooza;kl;France;f8i Z8L;+502 38191156;1(780)734-2195;AshleySanchez@gmail.com;37
125;Kayla;Melton;Apple;79563 Madison Falls Suite 860\nNew Edwardport, AS 13919-0872;Stuttgart;kl;Germany;L5Z H8U;+502 43432694;1(780)677-9585;RyanHudson@gmail.com;19
126;Michelle;Scott;Google;76127 David Stravenue\nEdwardsburgh, AS 08369;Guatemala City;kl;Germany;V3p O5y;+502 15212934;1(780)434-9059;ElizabethGuerrero@gmail.com;10
127;Melissa;Martin;Blizzard;PSC 3988, Box 4685\nAPO AP 40619-3078;Stuttgart;az;USA;U4S U1V;+502 44419016;1(780)222-9729;AmyWells@gmail.com;16
128;Jose;Medina;Microsoft;8169 Andrea Corners\nEast Tanyamouth, NH 26603;Stuttgart;kl;USA;w3x u2L;+502 13341941;1(780)357-8720;JohnWilson@gmail.com;12
129;Thomas;Wolfe;Microsoft;56369 Rhonda Drives\nNew Phyllis, IL 82356;Palooza;ta;Guatemala;c3D Q4j;+502 15233799;1(780)866-3439;StevenGarza@gmail.com;2
130;Nathaniel;Barrera;Blizzard;324 Woods Isle Suite 284\nLoganland, GU 53483-3526;Stuttgart;ta;Germany;Z3m v4b;+502 58561077;1(780)365-2209;JerryMcclure@gmail.com;5
131;Casey;Smith;Apple;035 Mendez Avenue Apt. 752\nAndersonton, VI 09393;Palooza;ar;France;x5N E1c;+502 67442664;1(780)493-8331;DianeOwens@gmail.com;36
132;Christine;Macias;Google;4763 Simmons Pine\nLake Jonathanberg, ND 88541-1267;Guatemala City;ta;France;r2i D8J;+502 24582699;1(780)435-2949;MichaelHughes@gmail.com;29
133;Clifford;James;Microsoft;26936 Wilson Streets\nWest Jamieton, KY 91037-4175;Stuttgart;az;Germany;D2Z z4D;+502 16905497;1(780)562-3765;KristinMartinez@gmail.com;2
134;Deanna;Bailey;Apple;9136 Rhodes Garden Suite 987\nCarlamouth, NM 62171-5166;Stuttgart;az;England;j4n x8a;+502 95192572;1(780)967-3910;CrystalLivingston@gmail.com;29
135;Jessica;Carpenter;Blizzard;6772 Vargas Flat Suite 313\nJonestown, VT 13197;Stuttgart;az;USA;v4C t4X;+502 20829725;1(780)665-8214;SarahYork@gmail.com;21
136;Gregory;Jennings;Apple;02878 Crosby Forge\nTerrellberg, MI 34968;Palooza;kl;France;h4p H8H;+502 59926007;1(780)745-6666;Mr.CharlesSnyderPhD@gmail.com;12
137;Taylor;Aguirre;Google;830 Hill Port Suite 953\nAtkinsonland, IL 97473;Palooza;kl;Guatemala;R7u o7K;+502 87535893;1(780)102-4120;KevinJoseph@gmail.com;7
138;Diana;Nguyen;Apple;044 Robles Mountains\nKellyburgh, OR 58110-7240;Palooza;ar;USA;C4o V4n;+502 38567997;1(780)680-9618;AlanBryant@gmail.com;33
139;Bryan;Wright;Blizzard;08827 Darrell Neck Apt. 127\nEast Victor, NM 02128-4760;Stuttgart;kl;USA;f1N Q7S;+502 62117411;1(780)928-4504;CesarYoung@gmail.com;4
140;Rebecca;Nguyen;Microsoft;4538 Jenna Pines\nPort Steven, PR 41275-1612;Guatemala City;ta;France;S5e F4Y;+502 24111931;1(780)415-9042;HowardSanchez@gmail.com;27
141;Heather;Spence;Google;80410 Christina Bypass\nDavidchester, AK 49757;Palooza;kl;England;i4H O3K;+502 98906176;1(780)860-6609;VanessaWilliams@gmail.com;4
142;Caleb;Riley;Apple;04849 Pena Bridge\nChristianstad, MS 72093;Guatemala City;ta;England;g4A j6Q;+502 44141240;1(780)193-2819;MichaelWatson@gmail.com;47
143;Taylor;Shaw;Microsoft;5788 Thomas Loaf\nAprilville, NJ 51727;Stuttgart;kl;USA;D4J m6p;+502 52966234;1(780)761-4168;MichaelWheeler@gmail.com;27
144;Mark;Becker;Apple;5971 Miller Lodge Apt. 067\nHowellview, MP 47451;Guatemala City;kl;Guatemala;w4R L1z;+502 23563206;1(780)789-6773;JohnGonzalez@gmail.com;50
145;Ryan;Barrett;Google;5148 Kristy Isle Suite 741\nMichaelfort, ID 05300;Guatemala City;az;England;T4c O6Q;+502 26319557;1(780)750-6668;MatthewBrown@gmail.com;42
146;Lance;Bennett;Apple;86894 Kelly Avenue Suite 069\nPort Michaelshire, MP 97102;Stuttgart;az;England;m8q n3I;+502 33872416;1(780)441-6525;RhondaScott@gmail.com;40
147;Jamie;Mccullough;Blizzard;173 Dwayne Villages\nNorth Joseph, MI 70437-6032;Palooza;ta;Germany;a8g N4P;+502 82502173;1(780)282-9276;KevinSullivan@gmail.com;39
148;Jason;Anderson;Blizzard;12370 Ralph Port\nLake Linda, PR 78668;Stuttgart;ta;Germany;x4f k7Q;+502 61236627;1(780)772-8366;AndrewGarcia@gmail.com;5
149;Mckenzie;Hall;Blizzard;0538 Thompson Square Apt. 538\nZimmermanmouth, MH 93046;Guatemala City;ta;USA;S4R Q2H;+502 77414040;1(780)209-9531;BarryAndrews@gmail.com;44
