1;Adams;Andrew;General Manager;\N;1962-02-18 00:00:00;2002-08-14 00:00:00;11120 Jasper Ave NW;Edmonton;AB;Canada;T5K 2N1;+1 (780) 428-9482;+1 (780) 428-3457;andrew@chinookcorp.com
2;Edwards;Nancy;Sales Manager;1;1958-12-08 00:00:00;2002-05-01 00:00:00;825 8 Ave SW;Calgary;AB;Canada;T2P 2T3;+1 (403) 262-3443;+1 (403) 262-3322;nancy@chinookcorp.com
3;Peacock;Jane;Sales Support Agent;2;1973-08-29 00:00:00;2002-04-01 00:00:00;1111 6 Ave SW;Calgary;AB;Canada;T2P 5M5;+1 (403) 262-3443;+1 (403) 262-6712;jane@chinookcorp.com
4;Park;Margaret;Sales Support Agent;2;1947-09-19 00:00:00;2003-05-03 00:00:00;683 10 Street SW;Calgary;AB;Canada;T2P 5G3;+1 (403) 263-4423;+1 (403) 263-4289;margaret@chinookcorp.com
5;Johnson;Steve;Sales Support Agent;2;1965-03-03 00:00:00;2003-10-17 00:00:00;7727B 41 Ave;Calgary;AB;Canada;T3B 1Y7;1 (780) 836-9987;1 (780) 836-9543;steve@chinookcorp.com
6;Mitchell;Michael;IT Manager;1;1973-07-01 00:00:00;2003-10-17 00:00:00;5827 Bowness Road NW;Calgary;AB;Canada;T3B 0C5;+1 (403) 246-9887;+1 (403) 246-9899;michael@chinookcorp.com
7;King;Robert;IT Staff;6;1970-05-29 00:00:00;2004-01-02 00:00:00;590 Columbia Boulevard West;Lethbridge;AB;Canada;T1K 5N8;+1 (403) 456-9986;+1 (403) 456-8485;robert@chinookcorp.com
8;Callahan;Laura;IT Staff;6;1968-01-09 00:00:00;2004-03-04 00:00:00;923 7 ST NW;Lethbridge;AB;Canada;T1H 1Y8;+1 (403) 467-3351;+1 (403) 467-8772;laura@chinookcorp.com
9;Conley;Daniel;IT Staff;6;1970-09-11 00:00:00;2009-10-24 00:00:00;8850 Lindsay Coves\nEast Jennifermouth, ID 12654;Stuttgart;kl;England;k4r z2D;+502 88893471;1(780)180-2754;JuliaButler@gmail.com
10;Ward;Harold;IT Staff;6;1990-05-22 00:00:00;2017-08-12 00:00:00;64806 Jessica Centers\nRyanview, PR 91472-1829;Palooza;ar;France;X2O H8k;+502 76523185;1(780)319-3092;TimothyStrong@gmail.com
11;Stuart;Justin;Sales Support Agent;2;1965-07-15 00:00:00;2017-09-24 00:00:00;84529 Stephanie Villages Apt. 252\nSouth Martin, WA 10044;Palooza;az;Guatemala;S6D K3P;+502 26111835;1(780)110-2566;BrendaJohnson@gmail.com
12;Smith;Erin;IT Staff;6;1967-01-23 00:00:00;2015-09-29 00:00:00;4128 Williams Estate\nTuckermouth, MH 91837;Stuttgart;ta;Germany;r6P r5M;+502 75726799;1(780)505-6196;JesseAguirre@gmail.com
13;Velazquez;James;Sales Support Agent;2;1984-10-11 00:00:00;2012-02-20 00:00:00;3754 Henry Neck Suite 211\nAngelamouth, ND 78227;Palooza;az;Germany;N8k C3A;+502 34433617;1(780)182-6795;ChelseaDouglas@gmail.com
14;Edwards;Leslie;IT Staff;6;1975-10-01 00:00:00;2015-09-11 00:00:00;Unit 3795 Box 1733\nDPO AE 31570;Guatemala City;ar;England;a2G J4z;+502 33734418;1(780)438-3593;HayleySuarez@gmail.com
15;Little;Leslie;IT Staff;6;1968-01-15 00:00:00;2015-07-25 00:00:00;8145 Smith Cliff Suite 005\nLawrencebury, MI 66988-6027;Guatemala City;az;France;N1H j5L;+502 42001408;1(780)472-5003;KellyPhillips@gmail.com
16;Sellers;Ryan;Sales Support Agent;2;1974-03-11 00:00:00;2008-02-22 00:00:00;182 James Vista\nAaronburgh, SC 11856;Palooza;ta;Guatemala;Z4u J1j;+502 21189434;1(780)701-4094;KimberlyLang@gmail.com
17;Holmes;Francis;IT Staff;6;1990-04-17 00:00:00;2010-11-23 00:00:00;856 Tran Curve\nWilliamschester, WV 77097-8084;Stuttgart;kl;Guatemala;r7v Z8X;+502 44671056;1(780)604-2323;DavidDecker@gmail.com
18;Medina;Lisa;IT Staff;6;1980-06-22 00:00:00;2012-03-15 00:00:00;150 Erickson Plains\nColemanburgh, NC 85131;Guatemala City;kl;France;g6G V2H;+502 11411021;1(780)315-9560;AmberGregory@gmail.com
19;Sims;Richard;IT Staff;6;1990-12-17 00:00:00;2015-07-19 00:00:00;PSC 3056, Box 0803\nAPO AP 76323-0214;Guatemala City;ar;England;Z8P m1c;+502 41679216;1(780)798-3919;SheilaSanchez@gmail.com
20;Baxter;Robert;IT Staff;6;1973-04-25 00:00:00;2012-09-01 00:00:00;9426 Ronald Groves Apt. 745\nPort Ellen, PW 98066-4280;Palooza;kl;England;q6L A2F;+502 51566094;1(780)685-5105;Mr.DavidRandolph@gmail.com
21;Diaz;Lawrence;IT Staff;6;1964-06-03 00:00:00;2015-09-30 00:00:00;918 Foster Ways Apt. 476\nSusanfurt, MS 39636;Palooza;kl;England;v5o r7L;+502 56298275;1(780)326-8137;RobertBrown@gmail.com
22;Walker;Todd;Sales Support Agent;2;1977-08-05 00:00:00;2014-01-11 00:00:00;87448 Gregory Shore Apt. 300\nBrooksfort, AL 54585;Palooza;ar;France;c8q p2m;+502 90975207;1(780)424-7840;ThomasScott@gmail.com
23;Garrett;Alexandra;Sales Support Agent;2;1982-08-12 00:00:00;2011-07-06 00:00:00;443 Noah Loaf Suite 521\nEast Cindy, IA 89452-7160;Guatemala City;az;France;A2A Z3o;+502 64500733;1(780)629-6102;ScottNorman@gmail.com
24;Mccann;Charles;IT Staff;6;1968-02-05 00:00:00;2014-04-14 00:00:00;817 Cassandra Park\nPort Joshuaville, FM 42021-6854;Stuttgart;kl;England;b3M S1A;+502 55265828;1(780)419-1191;JasonRich@gmail.com
25;Pruitt;Cody;Sales Support Agent;2;1976-04-26 00:00:00;2009-05-08 00:00:00;373 Ann Ford Apt. 245\nPort Diana, CA 74358;Palooza;kl;France;q3o L1S;+502 89090201;1(780)873-8429;HaleyMarshall@gmail.com
26;Mcgrath;Nicholas;IT Staff;6;1974-05-22 00:00:00;2017-06-14 00:00:00;34587 Wendy Pine Suite 832\nHarperburgh, VI 43128;Stuttgart;ar;USA;G6g P8n;+502 32035417;1(780)198-4697;SheenaBennett@gmail.com
27;Smith;Joan;IT Staff;6;1963-12-15 00:00:00;2014-01-30 00:00:00;47896 Grant Vista Suite 550\nCruzside, SD 52853;Stuttgart;ar;France;a3m P7y;+502 65175426;1(780)587-2436;KimberlyHolland@gmail.com
28;Bridges;Joshua;IT Staff;6;1977-05-17 00:00:00;2011-10-27 00:00:00;682 Kayla Ferry Suite 654\nSimpsonborough, SC 75162-9515;Palooza;ta;France;V3W M1S;+502 76160199;1(780)865-4468;BradleyMedina@gmail.com
29;Dudley;Abigail;IT Staff;6;1972-11-02 00:00:00;2011-11-24 00:00:00;85740 Kristen Trail Apt. 456\nWest Melissa, AZ 90399;Stuttgart;ta;Germany;V4e V3i;+502 11483063;1(780)388-3347;AshleyPerez@gmail.com
30;Montoya;Susan;IT Staff;6;1963-01-14 00:00:00;2010-03-10 00:00:00;779 Jackson Flats\nNew Amanda, IL 69827-3989;Palooza;az;England;f3m f3o;+502 38332064;1(780)481-1619;SheilaMartin@gmail.com
31;Chaney;Thomas;IT Staff;6;1987-09-27 00:00:00;2008-03-03 00:00:00;PSC 1656, Box 1645\nAPO AE 25457-4034;Palooza;ar;Guatemala;d5R t3c;+502 95629979;1(780)926-1552;DavidTravis@gmail.com
32;Banks;Jennifer;IT Staff;6;1978-07-06 00:00:00;2010-08-26 00:00:00;633 Chandler Tunnel\nJohnside, RI 47485;Stuttgart;ta;USA;v7U R8G;+502 33817662;1(780)279-5823;JasonRyan@gmail.com
33;Novak;Carolyn;Sales Support Agent;2;1966-02-07 00:00:00;2009-06-14 00:00:00;157 Hernandez Camp\nEast Travis, NM 57396;Palooza;kl;Germany;w6O g6z;+502 45367397;1(780)863-3993;DouglasMiller@gmail.com
34;Black;William;Sales Support Agent;2;1964-01-13 00:00:00;2013-02-28 00:00:00;440 Richardson Summit\nPort Jacquelineton, MP 13510-8329;Palooza;az;England;d1u b6l;+502 70562990;1(780)156-2106;JessicaRichardson@gmail.com
35;Hebert;Michael;Sales Support Agent;2;1980-10-14 00:00:00;2014-04-29 00:00:00;016 Juan Ridges Apt. 813\nNorth Robert, CA 99280-9233;Palooza;ta;Guatemala;u2r C8w;+502 22413115;1(780)522-4122;RebeccaRodriguez@gmail.com
36;Jackson;Kristine;Sales Support Agent;2;1966-04-11 00:00:00;2015-09-02 00:00:00;90045 White Prairie\nNew Richard, NY 02564;Stuttgart;ar;England;Z3V W5U;+502 22152588;1(780)490-5652;MariaEstrada@gmail.com
37;Smith;Jacob;Sales Support Agent;2;1963-01-25 00:00:00;2017-05-09 00:00:00;780 Singh Skyway Suite 528\nHawkinshaven, WA 67284;Palooza;ta;Guatemala;B3a h7b;+502 33908319;1(780)952-6301;SaraCraig@gmail.com
38;Vaughn;Wendy;Sales Support Agent;2;1985-09-16 00:00:00;2014-01-12 00:00:00;943 Davis Burg\nEast Dawn, MO 24726-9116;Guatemala City;ta;France;f7i K8Q;+502 57819340;1(780)775-4073;RobertWheeler@gmail.com
39;Santos;Jeffrey;IT Staff;6;1976-01-01 00:00:00;2013-06-18 00:00:00;035 Lucero Curve Apt. 533\nNorth Bonnie, AS 52423;Stuttgart;az;Germany;y6a t2C;+502 53648155;1(780)304-9625;KennethOliver@gmail.com
40;White;Amber;IT Staff;6;1982-02-06 00:00:00;2009-05-17 00:00:00;745 Watson Mountain Suite 934\nLake Nicholasmouth, GU 47650;Palooza;ar;France;D7I V8C;+502 58691954;1(780)113-7106;JenniferSmith@gmail.com
41;Young;Sarah;IT Staff;6;1989-11-03 00:00:00;2010-06-21 00:00:00;7975 Nicole Bridge\nEstradamouth, OH 65836-0091;Stuttgart;ta;Guatemala;J5m d2d;+502 35381145;1(780)957-5697;MorganBaker@gmail.com
42;Phillips;Melissa;Sales Support Agent;2;1980-03-04 00:00:00;2014-06-04 00:00:00;77522 Thomas Plains Suite 384\nNew Bailey, NE 09317;Palooza;kl;Germany;I4I l5W;+502 22352913;1(780)442-4114;JaimeSpencer@gmail.com
43;Harris;Angel;Sales Support Agent;2;1971-09-09 00:00:00;2008-05-10 00:00:00;Unit 2868 Box 6567\nDPO AP 63640-6493;Guatemala City;az;USA;v6Q E2x;+502 96310994;1(780)378-9587;CarlGood@gmail.com
44;Gibson;Jeffrey;Sales Support Agent;2;1981-11-21 00:00:00;2011-05-16 00:00:00;885 Stefanie Ridges Apt. 064\nCharlenemouth, CO 08329-5797;Stuttgart;ar;France;k7i Z8A;+502 48497237;1(780)265-3645;AndrewReed@gmail.com
45;Brown;Angela;Sales Support Agent;2;1979-05-01 00:00:00;2013-03-14 00:00:00;8648 Costa Dale\nNataliehaven, PW 01182-2255;Stuttgart;kl;France;E5s U6M;+502 89006098;1(780)489-1677;ElizabethRomero@gmail.com
46;Evans;Katherine;IT Staff;6;1964-02-15 00:00:00;2011-08-25 00:00:00;5114 Smith Path\nMiguelfurt, AZ 53497;Guatemala City;az;Germany;m7P U1l;+502 15961203;1(780)645-5296;Mr.DanielHood@gmail.com
47;Macdonald;Maria;Sales Support Agent;2;1987-05-24 00:00:00;2012-11-09 00:00:00;651 Johnson Crescent\nLake Kelly, KY 36595-5468;Palooza;ar;France;W3R p3r;+502 82936077;1(780)271-7692;JamesMccarthy@gmail.com
48;Young;Dennis;Sales Support Agent;2;1964-09-13 00:00:00;2016-03-12 00:00:00;6566 Smith Forks\nLake David, AK 30191-4679;Palooza;az;Guatemala;y3u w3w;+502 36881833;1(780)877-2493;AngelaGarrett@gmail.com
49;Young;Jasmin;Sales Support Agent;2;1964-02-29 00:00:00;2013-04-22 00:00:00;405 Bell Islands Suite 834\nLake Kristi, WY 64882;Stuttgart;az;England;J8P x7u;+502 91238247;1(780)765-6378;JohnBarnett@gmail.com
50;Brown;Jessica;IT Staff;6;1985-03-19 00:00:00;2017-05-29 00:00:00;21916 Zachary Square\nNew Kelly, MN 30139;Stuttgart;ta;Guatemala;Z6d X2w;+502 56631612;1(780)987-8826;JoyGreen@gmail.com
51;Fernandez;Bridget;Sales Support Agent;2;1969-07-30 00:00:00;2009-02-25 00:00:00;47874 Cynthia Stravenue\nHortonhaven, MP 88807;Guatemala City;az;USA;r6F a5v;+502 16750133;1(780)384-8396;WilliamChristian@gmail.com
52;Bryant;Cynthia;Sales Support Agent;2;1977-07-07 00:00:00;2015-10-24 00:00:00;463 Bray Wall\nSimsside, WI 98313;Stuttgart;ar;France;W2P A7r;+502 88927220;1(780)894-7851;Mrs.CherylCoxDDS@gmail.com
53;Smith;Donna;Sales Support Agent;2;1976-10-01 00:00:00;2017-05-13 00:00:00;13881 Robin Turnpike Apt. 064\nSouth Sharon, KY 49654;Stuttgart;az;USA;t2K x8v;+502 15644313;1(780)127-7691;ChristianPerez@gmail.com
54;Lopez;Sabrina;IT Staff;6;1973-10-13 00:00:00;2016-02-04 00:00:00;23594 Parker Keys\nWilliamston, NY 88940;Guatemala City;ta;USA;L7x V1M;+502 28609097;1(780)617-2290;ElizabethHayden@gmail.com
55;Thomas;Jose;Sales Support Agent;2;1990-07-24 00:00:00;2013-10-10 00:00:00;72367 Parrish Wells\nShannonhaven, PR 12792;Palooza;az;Guatemala;M8l H8t;+502 67523015;1(780)440-7528;DanielleBoyer@gmail.com
56;Holden;Brittany;Sales Support Agent;2;1982-10-30 00:00:00;2013-02-24 00:00:00;85855 Johnston Dam\nWatkinsberg, AS 09404;Stuttgart;az;Guatemala;t7D h2R;+502 77636657;1(780)544-8852;JohnMcconnell@gmail.com
57;Weber;Sarah;IT Staff;6;1984-11-30 00:00:00;2010-10-23 00:00:00;406 David Island\nSmithburgh, MP 97711-4959;Stuttgart;ta;England;Z2r t1g;+502 57026508;1(780)750-3953;AndrewTownsend@gmail.com
58;Marsh;Terri;IT Staff;6;1977-09-01 00:00:00;2017-05-06 00:00:00;973 Max Points Apt. 135\nWest Michaelside, MD 34555-0525;Palooza;kl;France;I8c H4X;+502 61765963;1(780)157-3808;JaimeVaughan@gmail.com
59;Roberts;Paul;Sales Support Agent;2;1987-07-01 00:00:00;2014-11-23 00:00:00;7106 Ana Mall\nDanielstad, UT 10625;Stuttgart;az;England;o2i l8j;+502 93771114;1(780)135-4802;WandaRobinson@gmail.com
60;Woods;Tonya;Sales Support Agent;2;1966-07-23 00:00:00;2010-02-23 00:00:00;861 Alicia Terrace\nHoffmanmouth, PR 87890;Palooza;ta;France;G8x U7Q;+502 76352239;1(780)618-1412;DerekMoss@gmail.com
61;Watts;Miguel;Sales Support Agent;2;1973-06-12 00:00:00;2017-03-16 00:00:00;4301 Suzanne Glens Apt. 525\nLake Carolynchester, AZ 38786-4048;Palooza;kl;USA;U5b v8F;+502 85101499;1(780)605-6631;KarenJohnson@gmail.com
62;Krause;Erin;IT Staff;6;1977-01-11 00:00:00;2013-04-04 00:00:00;1185 Johnson Prairie Apt. 302\nMayville, MP 89114-5495;Palooza;ar;Guatemala;f5H C8M;+502 81043596;1(780)246-6321;CarolineWilliams@gmail.com
