4;14;2009-01-06 00:00:00;8210 111 ST NW;Edmonton;AB;Canada;T6G 2C7;8.91
5;23;2009-01-11 00:00:00;69 Salem Street;Boston;MA;USA;2113;13.86
8;40;2009-02-01 00:00:00;8, Rue Hanovre;Paris;\N;France;75002;1.98
9;42;2009-02-02 00:00:00;9, Place Louis Barthou;Bordeaux;\N;France;33000;3.96
10;46;2009-02-03 00:00:00;3 Chatham Street;Dublin;Dublin;Ireland;\N;5.94
11;52;2009-02-06 00:00:00;202 Hoxton Street;London;\N;United Kingdom;N1 5LH;8.91
13;16;2009-02-19 00:00:00;1600 Amphitheatre Parkway;Mountain View;CA;USA;94043-1351;0.99
14;17;2009-03-04 00:00:00;1 Microsoft Way;Redmond;WA;USA;98052-8300;1.98
15;19;2009-03-04 00:00:00;1 Infinite Loop;Cupertino;CA;USA;95014;1.98
16;21;2009-03-05 00:00:00;801 W 4th Street;Reno;NV;USA;89503;3.96
17;25;2009-03-06 00:00:00;319 N. Frances Street;Madison;WI;USA;53703;5.94
18;31;2009-03-09 00:00:00;194A Chain Lake Drive;Halifax;NS;Canada;B3S 1C5;8.91
19;40;2009-03-14 00:00:00;8, Rue Hanovre;Paris;\N;France;75002;13.86
20;54;2009-03-22 00:00:00;110 Raeburn Pl;Edinburgh;\N;United Kingdom;EH4 1HH;0.99
21;55;2009-04-04 00:00:00;421 Bourke Street;Sidney;NSW;Australia;2010;1.98
22;57;2009-04-04 00:00:00;Calle Lira, 198;Santiago;\N;Chile;\N;1.98
23;59;2009-04-05 00:00:00;3,Raj Bhavan Road;Bangalore;\N;India;560001;3.96
26;19;2009-04-14 00:00:00;1 Infinite Loop;Cupertino;CA;USA;95014;13.86
27;33;2009-04-22 00:00:00;5112 48 Street;Yellowknife;NT;Canada;X1A 1N6;0.99
31;42;2009-05-07 00:00:00;9, Place Louis Barthou;Bordeaux;\N;France;33000;5.94
32;48;2009-05-10 00:00:00;Lijnbaansgracht 120bg;Amsterdam;VV;Netherlands;1016;8.91
33;57;2009-05-15 00:00:00;Calle Lira, 198;Santiago;\N;Chile;\N;13.86
36;15;2009-06-05 00:00:00;700 W Pender Street;Vancouver;BC;Canada;V6C 1G8;1.98
37;17;2009-06-06 00:00:00;1 Microsoft Way;Redmond;WA;USA;98052-8300;3.96
38;21;2009-06-07 00:00:00;801 W 4th Street;Reno;NV;USA;89503;5.94
39;27;2009-06-10 00:00:00;1033 N Park Ave;Tucson;AZ;USA;85719;8.91
42;51;2009-07-06 00:00:00;Celsiusg. 9;Stockholm;\N;Sweden;11230;1.98
43;53;2009-07-06 00:00:00;113 Lupus St;London;\N;United Kingdom;SW1V 3EN;1.98
44;55;2009-07-07 00:00:00;421 Bourke Street;Sidney;NSW;Australia;2010;3.96
45;59;2009-07-08 00:00:00;3,Raj Bhavan Road;Bangalore;\N;India;560001;5.94
47;15;2009-07-16 00:00:00;700 W Pender Street;Vancouver;BC;Canada;V6C 1G8;13.86
48;29;2009-07-24 00:00:00;796 Dundas Street West;Toronto;ON;Canada;M6J 1V1;0.99
49;30;2009-08-06 00:00:00;230 Elgin Street;Ottawa;ON;Canada;K2P 1L7;1.98
50;32;2009-08-06 00:00:00;696 Osborne Street;Winnipeg;MB;Canada;R3L 2B9;1.98
54;53;2009-08-16 00:00:00;113 Lupus St;London;\N;United Kingdom;SW1V 3EN;13.86
59;17;2009-09-08 00:00:00;1 Microsoft Way;Redmond;WA;USA;98052-8300;5.94
60;23;2009-09-11 00:00:00;69 Salem Street;Boston;MA;USA;2113;8.91
61;32;2009-09-16 00:00:00;696 Osborne Street;Winnipeg;MB;Canada;R3L 2B9;13.86
62;46;2009-09-24 00:00:00;3 Chatham Street;Dublin;Dublin;Ireland;\N;0.99
63;47;2009-10-07 00:00:00;Via Degli Scipioni, 43;Rome;RM;Italy;00192;1.98
65;51;2009-10-08 00:00:00;Celsiusg. 9;Stockholm;\N;Sweden;11230;3.96
66;55;2009-10-09 00:00:00;421 Bourke Street;Sidney;NSW;Australia;2010;5.94
69;25;2009-10-25 00:00:00;319 N. Frances Street;Madison;WI;USA;53703;0.99
70;26;2009-11-07 00:00:00;2211 W Berry Street;Fort Worth;TX;USA;76110;1.98
71;28;2009-11-07 00:00:00;302 S 700 E;Salt Lake City;UT;USA;84102;1.98
72;30;2009-11-08 00:00:00;230 Elgin Street;Ottawa;ON;Canada;K2P 1L7;3.96
74;40;2009-11-12 00:00:00;8, Rue Hanovre;Paris;\N;France;75002;8.91
81;19;2009-12-13 00:00:00;1 Infinite Loop;Cupertino;CA;USA;95014;8.91
82;28;2009-12-18 00:00:00;302 S 700 E;Salt Lake City;UT;USA;84102;13.86
83;42;2009-12-26 00:00:00;9, Place Louis Barthou;Bordeaux;\N;France;33000;0.99
84;43;2010-01-08 00:00:00;68, Rue Jouvence;Dijon;\N;France;21000;1.98
86;47;2010-01-09 00:00:00;Via Degli Scipioni, 43;Rome;RM;Italy;00192;3.96
87;51;2010-01-10 00:00:00;Celsiusg. 9;Stockholm;\N;Sweden;11230;6.94
88;57;2010-01-13 00:00:00;Calle Lira, 198;Santiago;\N;Chile;\N;17.91
90;21;2010-01-26 00:00:00;801 W 4th Street;Reno;NV;USA;89503;0.99
91;22;2010-02-08 00:00:00;120 S Orange Ave;Orlando;FL;USA;32801;1.98
92;24;2010-02-08 00:00:00;162 E Superior Street;Chicago;IL;USA;60611;1.98
93;26;2010-02-09 00:00:00;2211 W Berry Street;Fort Worth;TX;USA;76110;3.96
94;30;2010-02-10 00:00:00;230 Elgin Street;Ottawa;ON;Canada;K2P 1L7;5.94
97;59;2010-02-26 00:00:00;3,Raj Bhavan Road;Bangalore;\N;India;560001;1.99
102;15;2010-03-16 00:00:00;700 W Pender Street;Vancouver;BC;Canada;V6C 1G8;9.91
103;24;2010-03-21 00:00:00;162 E Superior Street;Chicago;IL;USA;60611;15.86
105;39;2010-04-11 00:00:00;4, Rue Milton;Paris;\N;France;75009;1.98
106;41;2010-04-11 00:00:00;11, Place Bellecour;Lyon;\N;France;69002;1.98
107;43;2010-04-12 00:00:00;68, Rue Jouvence;Dijon;\N;France;21000;3.96
108;47;2010-04-13 00:00:00;Via Degli Scipioni, 43;Rome;RM;Italy;00192;5.94
109;53;2010-04-16 00:00:00;113 Lupus St;London;\N;United Kingdom;SW1V 3EN;8.91
111;17;2010-04-29 00:00:00;1 Microsoft Way;Redmond;WA;USA;98052-8300;0.99
112;18;2010-05-12 00:00:00;627 Broadway;New York;NY;USA;10012-2612;1.98
113;20;2010-05-12 00:00:00;541 Del Medio Avenue;Mountain View;CA;USA;94040-111;1.98
114;22;2010-05-13 00:00:00;120 S Orange Ave;Orlando;FL;USA;32801;3.96
115;26;2010-05-14 00:00:00;2211 W Berry Street;Fort Worth;TX;USA;76110;5.94
116;32;2010-05-17 00:00:00;696 Osborne Street;Winnipeg;MB;Canada;R3L 2B9;8.91
117;41;2010-05-22 00:00:00;11, Place Bellecour;Lyon;\N;France;69002;13.86
118;55;2010-05-30 00:00:00;421 Bourke Street;Sidney;NSW;Australia;2010;0.99
120;58;2010-06-12 00:00:00;12,Community Centre;Delhi;\N;India;110017;1.98
124;20;2010-06-22 00:00:00;541 Del Medio Avenue;Mountain View;CA;USA;94040-111;13.86
128;39;2010-07-14 00:00:00;4, Rue Milton;Paris;\N;France;75009;3.96
129;43;2010-07-15 00:00:00;68, Rue Jouvence;Dijon;\N;France;21000;5.94
131;58;2010-07-23 00:00:00;12,Community Centre;Delhi;\N;India;110017;13.86
133;14;2010-08-13 00:00:00;8210 111 ST NW;Edmonton;AB;Canada;T6G 2C7;1.98
134;16;2010-08-13 00:00:00;1600 Amphitheatre Parkway;Mountain View;CA;USA;94043-1351;1.98
135;18;2010-08-14 00:00:00;627 Broadway;New York;NY;USA;10012-2612;3.96
136;22;2010-08-15 00:00:00;120 S Orange Ave;Orlando;FL;USA;32801;5.94
137;28;2010-08-18 00:00:00;302 S 700 E;Salt Lake City;UT;USA;84102;8.91
139;51;2010-08-31 00:00:00;Celsiusg. 9;Stockholm;\N;Sweden;11230;0.99
140;52;2010-09-13 00:00:00;202 Hoxton Street;London;\N;United Kingdom;N1 5LH;1.98
141;54;2010-09-13 00:00:00;110 Raeburn Pl;Edinburgh;\N;United Kingdom;EH4 1HH;1.98
145;16;2010-09-23 00:00:00;1600 Amphitheatre Parkway;Mountain View;CA;USA;94043-1351;13.86
146;30;2010-10-01 00:00:00;230 Elgin Street;Ottawa;ON;Canada;K2P 1L7;0.99
147;31;2010-10-14 00:00:00;194A Chain Lake Drive;Halifax;NS;Canada;B3S 1C5;1.98
148;33;2010-10-14 00:00:00;5112 48 Street;Yellowknife;NT;Canada;X1A 1N6;1.98
150;39;2010-10-16 00:00:00;4, Rue Milton;Paris;\N;France;75009;5.94
152;54;2010-10-24 00:00:00;110 Raeburn Pl;Edinburgh;\N;United Kingdom;EH4 1HH;13.86
156;14;2010-11-15 00:00:00;8210 111 ST NW;Edmonton;AB;Canada;T6G 2C7;3.96
157;18;2010-11-16 00:00:00;627 Broadway;New York;NY;USA;10012-2612;5.94
158;24;2010-11-19 00:00:00;162 E Superior Street;Chicago;IL;USA;60611;8.91
159;33;2010-11-24 00:00:00;5112 48 Street;Yellowknife;NT;Canada;X1A 1N6;13.86
160;47;2010-12-02 00:00:00;Via Degli Scipioni, 43;Rome;RM;Italy;00192;0.99
161;48;2010-12-15 00:00:00;Lijnbaansgracht 120bg;Amsterdam;VV;Netherlands;1016;1.98
163;52;2010-12-16 00:00:00;202 Hoxton Street;London;\N;United Kingdom;N1 5LH;3.96
167;26;2011-01-02 00:00:00;2211 W Berry Street;Fort Worth;TX;USA;76110;0.99
168;27;2011-01-15 00:00:00;1033 N Park Ave;Tucson;AZ;USA;85719;1.98
169;29;2011-01-15 00:00:00;796 Dundas Street West;Toronto;ON;Canada;M6J 1V1;1.98
170;31;2011-01-16 00:00:00;194A Chain Lake Drive;Halifax;NS;Canada;B3S 1C5;3.96
172;41;2011-01-20 00:00:00;11, Place Bellecour;Lyon;\N;France;69002;8.91
178;14;2011-02-17 00:00:00;8210 111 ST NW;Edmonton;AB;Canada;T6G 2C7;5.94
179;20;2011-02-20 00:00:00;541 Del Medio Avenue;Mountain View;CA;USA;94040-111;8.91
180;29;2011-02-25 00:00:00;796 Dundas Street West;Toronto;ON;Canada;M6J 1V1;13.86
181;43;2011-03-05 00:00:00;68, Rue Jouvence;Dijon;\N;France;21000;0.99
183;46;2011-03-18 00:00:00;3 Chatham Street;Dublin;Dublin;Ireland;\N;1.98
184;48;2011-03-19 00:00:00;Lijnbaansgracht 120bg;Amsterdam;VV;Netherlands;1016;3.96
185;52;2011-03-20 00:00:00;202 Hoxton Street;London;\N;United Kingdom;N1 5LH;5.94
186;58;2011-03-23 00:00:00;12,Community Centre;Delhi;\N;India;110017;8.91
188;22;2011-04-05 00:00:00;120 S Orange Ave;Orlando;FL;USA;32801;0.99
189;23;2011-04-18 00:00:00;69 Salem Street;Boston;MA;USA;2113;1.98
190;25;2011-04-18 00:00:00;319 N. Frances Street;Madison;WI;USA;53703;1.98
191;27;2011-04-19 00:00:00;1033 N Park Ave;Tucson;AZ;USA;85719;3.96
192;31;2011-04-20 00:00:00;194A Chain Lake Drive;Halifax;NS;Canada;B3S 1C5;5.94
194;46;2011-04-28 00:00:00;3 Chatham Street;Dublin;Dublin;Ireland;\N;21.86
200;16;2011-05-24 00:00:00;1600 Amphitheatre Parkway;Mountain View;CA;USA;94043-1351;8.91
201;25;2011-05-29 00:00:00;319 N. Frances Street;Madison;WI;USA;53703;18.86
202;39;2011-06-06 00:00:00;4, Rue Milton;Paris;\N;France;75009;1.99
203;40;2011-06-19 00:00:00;8, Rue Hanovre;Paris;\N;France;75002;2.98
204;42;2011-06-19 00:00:00;9, Place Louis Barthou;Bordeaux;\N;France;33000;3.98
206;48;2011-06-21 00:00:00;Lijnbaansgracht 120bg;Amsterdam;VV;Netherlands;1016;8.94
207;54;2011-06-24 00:00:00;110 Raeburn Pl;Edinburgh;\N;United Kingdom;EH4 1HH;8.91
209;18;2011-07-07 00:00:00;627 Broadway;New York;NY;USA;10012-2612;0.99
210;19;2011-07-20 00:00:00;1 Infinite Loop;Cupertino;CA;USA;95014;1.98
211;21;2011-07-20 00:00:00;801 W 4th Street;Reno;NV;USA;89503;1.98
212;23;2011-07-21 00:00:00;69 Salem Street;Boston;MA;USA;2113;3.96
213;27;2011-07-22 00:00:00;1033 N Park Ave;Tucson;AZ;USA;85719;5.94
214;33;2011-07-25 00:00:00;5112 48 Street;Yellowknife;NT;Canada;X1A 1N6;8.91
215;42;2011-07-30 00:00:00;9, Place Louis Barthou;Bordeaux;\N;France;33000;13.86
217;57;2011-08-20 00:00:00;Calle Lira, 198;Santiago;\N;Chile;\N;1.98
218;59;2011-08-20 00:00:00;3,Raj Bhavan Road;Bangalore;\N;India;560001;1.98
222;21;2011-08-30 00:00:00;801 W 4th Street;Reno;NV;USA;89503;13.86
226;40;2011-09-21 00:00:00;8, Rue Hanovre;Paris;\N;France;75002;3.96
229;59;2011-09-30 00:00:00;3,Raj Bhavan Road;Bangalore;\N;India;560001;13.86
230;14;2011-10-08 00:00:00;8210 111 ST NW;Edmonton;AB;Canada;T6G 2C7;0.99
231;15;2011-10-21 00:00:00;700 W Pender Street;Vancouver;BC;Canada;V6C 1G8;1.98
232;17;2011-10-21 00:00:00;1 Microsoft Way;Redmond;WA;USA;98052-8300;1.98
233;19;2011-10-22 00:00:00;1 Infinite Loop;Cupertino;CA;USA;95014;3.96
234;23;2011-10-23 00:00:00;69 Salem Street;Boston;MA;USA;2113;5.94
235;29;2011-10-26 00:00:00;796 Dundas Street West;Toronto;ON;Canada;M6J 1V1;8.91
237;52;2011-11-08 00:00:00;202 Hoxton Street;London;\N;United Kingdom;N1 5LH;0.99
238;53;2011-11-21 00:00:00;113 Lupus St;London;\N;United Kingdom;SW1V 3EN;1.98
239;55;2011-11-21 00:00:00;421 Bourke Street;Sidney;NSW;Australia;2010;1.98
240;57;2011-11-22 00:00:00;Calle Lira, 198;Santiago;\N;Chile;\N;3.96
243;17;2011-12-01 00:00:00;1 Microsoft Way;Redmond;WA;USA;98052-8300;13.86
244;31;2011-12-09 00:00:00;194A Chain Lake Drive;Halifax;NS;Canada;B3S 1C5;0.99
245;32;2011-12-22 00:00:00;696 Osborne Street;Winnipeg;MB;Canada;R3L 2B9;1.98
248;40;2011-12-24 00:00:00;8, Rue Hanovre;Paris;\N;France;75002;5.94
249;46;2011-12-27 00:00:00;3 Chatham Street;Dublin;Dublin;Ireland;\N;8.91
250;55;2012-01-01 00:00:00;421 Bourke Street;Sidney;NSW;Australia;2010;13.86
254;15;2012-01-23 00:00:00;700 W Pender Street;Vancouver;BC;Canada;V6C 1G8;3.96
255;19;2012-01-24 00:00:00;1 Infinite Loop;Cupertino;CA;USA;95014;5.94
256;25;2012-01-27 00:00:00;319 N. Frances Street;Madison;WI;USA;53703;8.91
258;48;2012-02-09 00:00:00;Lijnbaansgracht 120bg;Amsterdam;VV;Netherlands;1016;0.99
260;51;2012-02-22 00:00:00;Celsiusg. 9;Stockholm;\N;Sweden;11230;1.98
261;53;2012-02-23 00:00:00;113 Lupus St;London;\N;United Kingdom;SW1V 3EN;3.96
262;57;2012-02-24 00:00:00;Calle Lira, 198;Santiago;\N;Chile;\N;5.94
265;27;2012-03-11 00:00:00;1033 N Park Ave;Tucson;AZ;USA;85719;0.99
266;28;2012-03-24 00:00:00;302 S 700 E;Salt Lake City;UT;USA;84102;1.98
267;30;2012-03-24 00:00:00;230 Elgin Street;Ottawa;ON;Canada;K2P 1L7;1.98
268;32;2012-03-25 00:00:00;696 Osborne Street;Winnipeg;MB;Canada;R3L 2B9;3.96
270;42;2012-03-29 00:00:00;9, Place Louis Barthou;Bordeaux;\N;France;33000;8.91
271;51;2012-04-03 00:00:00;Celsiusg. 9;Stockholm;\N;Sweden;11230;13.86
276;15;2012-04-26 00:00:00;700 W Pender Street;Vancouver;BC;Canada;V6C 1G8;5.94
277;21;2012-04-29 00:00:00;801 W 4th Street;Reno;NV;USA;89503;8.91
278;30;2012-05-04 00:00:00;230 Elgin Street;Ottawa;ON;Canada;K2P 1L7;13.86
281;47;2012-05-25 00:00:00;Via Degli Scipioni, 43;Rome;RM;Italy;00192;1.98
283;53;2012-05-27 00:00:00;113 Lupus St;London;\N;United Kingdom;SW1V 3EN;5.94
284;59;2012-05-30 00:00:00;3,Raj Bhavan Road;Bangalore;\N;India;560001;8.91
286;23;2012-06-12 00:00:00;69 Salem Street;Boston;MA;USA;2113;0.99
287;24;2012-06-25 00:00:00;162 E Superior Street;Chicago;IL;USA;60611;1.98
288;26;2012-06-25 00:00:00;2211 W Berry Street;Fort Worth;TX;USA;76110;1.98
289;28;2012-06-26 00:00:00;302 S 700 E;Salt Lake City;UT;USA;84102;3.96
290;32;2012-06-27 00:00:00;696 Osborne Street;Winnipeg;MB;Canada;R3L 2B9;5.94
292;47;2012-07-05 00:00:00;Via Degli Scipioni, 43;Rome;RM;Italy;00192;13.86
298;17;2012-07-31 00:00:00;1 Microsoft Way;Redmond;WA;USA;98052-8300;10.91
299;26;2012-08-05 00:00:00;2211 W Berry Street;Fort Worth;TX;USA;76110;23.86
300;40;2012-08-13 00:00:00;8, Rue Hanovre;Paris;\N;France;75002;0.99
301;41;2012-08-26 00:00:00;11, Place Bellecour;Lyon;\N;France;69002;1.98
302;43;2012-08-26 00:00:00;68, Rue Jouvence;Dijon;\N;France;21000;1.98
305;55;2012-08-31 00:00:00;421 Bourke Street;Sidney;NSW;Australia;2010;8.91
307;19;2012-09-13 00:00:00;1 Infinite Loop;Cupertino;CA;USA;95014;1.99
308;20;2012-09-26 00:00:00;541 Del Medio Avenue;Mountain View;CA;USA;94040-111;3.98
309;22;2012-09-26 00:00:00;120 S Orange Ave;Orlando;FL;USA;32801;3.98
310;24;2012-09-27 00:00:00;162 E Superior Street;Chicago;IL;USA;60611;7.96
311;28;2012-09-28 00:00:00;302 S 700 E;Salt Lake City;UT;USA;84102;11.94
313;43;2012-10-06 00:00:00;68, Rue Jouvence;Dijon;\N;France;21000;16.86
314;57;2012-10-14 00:00:00;Calle Lira, 198;Santiago;\N;Chile;\N;0.99
315;58;2012-10-27 00:00:00;12,Community Centre;Delhi;\N;India;110017;1.98
320;22;2012-11-06 00:00:00;120 S Orange Ave;Orlando;FL;USA;32801;13.86
323;39;2012-11-27 00:00:00;4, Rue Milton;Paris;\N;France;75009;1.98
324;41;2012-11-28 00:00:00;11, Place Bellecour;Lyon;\N;France;69002;3.96
326;51;2012-12-02 00:00:00;Celsiusg. 9;Stockholm;\N;Sweden;11230;8.91
328;15;2012-12-15 00:00:00;700 W Pender Street;Vancouver;BC;Canada;V6C 1G8;0.99
329;16;2012-12-28 00:00:00;1600 Amphitheatre Parkway;Mountain View;CA;USA;94043-1351;1.98
330;18;2012-12-28 00:00:00;627 Broadway;New York;NY;USA;10012-2612;1.98
331;20;2012-12-29 00:00:00;541 Del Medio Avenue;Mountain View;CA;USA;94040-111;3.96
332;24;2012-12-30 00:00:00;162 E Superior Street;Chicago;IL;USA;60611;5.94
333;30;2013-01-02 00:00:00;230 Elgin Street;Ottawa;ON;Canada;K2P 1L7;8.91
334;39;2013-01-07 00:00:00;4, Rue Milton;Paris;\N;France;75009;13.86
335;53;2013-01-15 00:00:00;113 Lupus St;London;\N;United Kingdom;SW1V 3EN;0.99
336;54;2013-01-28 00:00:00;110 Raeburn Pl;Edinburgh;\N;United Kingdom;EH4 1HH;1.98
338;58;2013-01-29 00:00:00;12,Community Centre;Delhi;\N;India;110017;3.96
341;18;2013-02-07 00:00:00;627 Broadway;New York;NY;USA;10012-2612;13.86
342;32;2013-02-15 00:00:00;696 Osborne Street;Winnipeg;MB;Canada;R3L 2B9;0.99
343;33;2013-02-28 00:00:00;5112 48 Street;Yellowknife;NT;Canada;X1A 1N6;1.98
346;41;2013-03-02 00:00:00;11, Place Bellecour;Lyon;\N;France;69002;5.94
347;47;2013-03-05 00:00:00;Via Degli Scipioni, 43;Rome;RM;Italy;00192;8.91
351;14;2013-03-31 00:00:00;8210 111 ST NW;Edmonton;AB;Canada;T6G 2C7;1.98
352;16;2013-04-01 00:00:00;1600 Amphitheatre Parkway;Mountain View;CA;USA;94043-1351;3.96
353;20;2013-04-02 00:00:00;541 Del Medio Avenue;Mountain View;CA;USA;94040-111;5.94
354;26;2013-04-05 00:00:00;2211 W Berry Street;Fort Worth;TX;USA;76110;8.91
358;52;2013-05-01 00:00:00;202 Hoxton Street;London;\N;United Kingdom;N1 5LH;1.98
359;54;2013-05-02 00:00:00;110 Raeburn Pl;Edinburgh;\N;United Kingdom;EH4 1HH;3.96
360;58;2013-05-03 00:00:00;12,Community Centre;Delhi;\N;India;110017;5.94
362;14;2013-05-11 00:00:00;8210 111 ST NW;Edmonton;AB;Canada;T6G 2C7;13.86
363;28;2013-05-19 00:00:00;302 S 700 E;Salt Lake City;UT;USA;84102;0.99
364;29;2013-06-01 00:00:00;796 Dundas Street West;Toronto;ON;Canada;M6J 1V1;1.98
365;31;2013-06-01 00:00:00;194A Chain Lake Drive;Halifax;NS;Canada;B3S 1C5;1.98
366;33;2013-06-02 00:00:00;5112 48 Street;Yellowknife;NT;Canada;X1A 1N6;3.96
368;43;2013-06-06 00:00:00;68, Rue Jouvence;Dijon;\N;France;21000;8.91
369;52;2013-06-11 00:00:00;202 Hoxton Street;London;\N;United Kingdom;N1 5LH;13.86
374;16;2013-07-04 00:00:00;1600 Amphitheatre Parkway;Mountain View;CA;USA;94043-1351;5.94
375;22;2013-07-07 00:00:00;120 S Orange Ave;Orlando;FL;USA;32801;8.91
376;31;2013-07-12 00:00:00;194A Chain Lake Drive;Halifax;NS;Canada;B3S 1C5;13.86
378;46;2013-08-02 00:00:00;3 Chatham Street;Dublin;Dublin;Ireland;\N;1.98
379;48;2013-08-02 00:00:00;Lijnbaansgracht 120bg;Amsterdam;VV;Netherlands;1016;1.98
381;54;2013-08-04 00:00:00;110 Raeburn Pl;Edinburgh;\N;United Kingdom;EH4 1HH;5.94
384;24;2013-08-20 00:00:00;162 E Superior Street;Chicago;IL;USA;60611;0.99
385;25;2013-09-02 00:00:00;319 N. Frances Street;Madison;WI;USA;53703;1.98
386;27;2013-09-02 00:00:00;1033 N Park Ave;Tucson;AZ;USA;85719;1.98
387;29;2013-09-03 00:00:00;796 Dundas Street West;Toronto;ON;Canada;M6J 1V1;3.96
388;33;2013-09-04 00:00:00;5112 48 Street;Yellowknife;NT;Canada;X1A 1N6;5.94
389;39;2013-09-07 00:00:00;4, Rue Milton;Paris;\N;France;75009;8.91
390;48;2013-09-12 00:00:00;Lijnbaansgracht 120bg;Amsterdam;VV;Netherlands;1016;13.86
396;18;2013-10-08 00:00:00;627 Broadway;New York;NY;USA;10012-2612;8.91
397;27;2013-10-13 00:00:00;1033 N Park Ave;Tucson;AZ;USA;85719;13.86
398;41;2013-10-21 00:00:00;11, Place Bellecour;Lyon;\N;France;69002;0.99
399;42;2013-11-03 00:00:00;9, Place Louis Barthou;Bordeaux;\N;France;33000;1.98
401;46;2013-11-04 00:00:00;3 Chatham Street;Dublin;Dublin;Ireland;\N;3.96
405;20;2013-11-21 00:00:00;541 Del Medio Avenue;Mountain View;CA;USA;94040-111;0.99
406;21;2013-12-04 00:00:00;801 W 4th Street;Reno;NV;USA;89503;1.98
407;23;2013-12-04 00:00:00;69 Salem Street;Boston;MA;USA;2113;1.98
408;25;2013-12-05 00:00:00;319 N. Frances Street;Madison;WI;USA;53703;3.96
409;29;2013-12-06 00:00:00;796 Dundas Street West;Toronto;ON;Canada;M6J 1V1;5.94
412;58;2013-12-22 00:00:00;12,Community Centre;Delhi;\N;India;110017;1.99
413;33;2018-06-05 00:00:00;603 Shields Forge Apt. 824\nKellyburgh, MT 17020;Palooza;5030'219'ST SSR;USA;37457;10.79
414;18;2018-06-05 00:00:00;2449 Delgado Land\nAmandatown, OH 73755-7944;Guatemala City;6947'624'ST CA;Guatemala;83759;11.61
415;75;2018-06-05 00:00:00;46503 Franklin Pines Suite 316\nSouth Joseph, CT 12674-8377;Stuttgart;1609'755'ST CA;USA;76926;19.23
416;62;2018-06-05 00:00:00;550 Brandy Land Apt. 832\nSouth Lisamouth, FM 24768-0896;Guatemala City;2557'175'ST AZ;USA;68266;2.30
417;41;2018-06-05 00:00:00;4130 Grant Road Apt. 738\nDavischester, AR 55290;Stuttgart;3575'216'ST AZ;England;62433;19.14
418;47;2018-06-05 00:00:00;900 Jeremiah Crescent Apt. 134\nMitchellfurt, OR 65377-6833;Guatemala City;8374'721'ST SSR;USA;92385;10.25
419;73;2018-06-05 00:00:00;140 Ramirez Plains\nEast Manuelmouth, FL 20834-7810;Palooza;5618'643'ST AZ;France;26686;4.30
420;58;2018-06-05 00:00:00;07466 Joyce Cliff\nNorth Zachary, VA 47815;Palooza;1911'783'ST AZ;France;97300;18.27
421;33;2018-06-06 00:00:00;33363 David Square\nPort Josephburgh, OH 63739-0550;Guatemala City;3430'259'ST SSR;France;56547;7.19
422;78;2018-06-06 00:00:00;1782 Christine Hill Suite 179\nBallside, CA 09505-0055;Stuttgart;3688'544'ST AZ;Guatemala;33013;16.37
423;63;2018-06-06 00:00:00;568 Brian Divide Apt. 927\nDavidsonchester, VI 03398;Palooza;5775'765'ST CA;USA;76649;16.55
424;43;2018-06-06 00:00:00;770 Meyer Crossroad Apt. 293\nNorth Ryanberg, MD 69547-6441;Stuttgart;2514'501'ST SSR;Germany;44936;11.83
425;57;2018-06-07 00:00:00;2920 Daniel Path Apt. 358\nDouglasland, IN 53557-1936;Guatemala City;4753'575'ST AZ;England;69004;6.22
426;26;2018-06-07 00:00:00;464 Parsons Greens Suite 180\nLake Brandonhaven, MT 66273;Palooza;9265'368'ST AZ;USA;91671;4.09
427;67;2018-06-07 00:00:00;29896 Brewer Overpass\nTraciland, NM 98201;Stuttgart;4698'392'ST CA;Guatemala;99768;12.26
428;22;2018-06-07 00:00:00;1495 Hayley Parkways\nEricmouth, AS 32836-7296;Palooza;9689'393'ST AZ;England;92851;12.21
429;32;2018-06-08 00:00:00;13044 Alec Mews Suite 196\nNew Whitneyton, IL 92584-7631;Guatemala City;1145'722'ST NW;Guatemala;78197;2.17
430;42;2018-06-08 00:00:00;5965 Cordova Square\nJordanview, ME 02948-1232;Stuttgart;6642'741'ST SSR;Germany;70107;5.27
431;29;2018-06-08 00:00:00;4396 Victor Squares\nMarkton, DC 11428-0766;Guatemala City;2783'144'ST SSR;France;36250;10.90
432;30;2018-06-08 00:00:00;8516 Hughes Center\nLake Melissa, LA 97140;Stuttgart;8309'837'ST NW;Guatemala;27079;8.60
433;32;2018-06-08 00:00:00;461 Megan Turnpike\nLynchchester, MT 35879;Stuttgart;8161'792'ST SSR;USA;35370;11.63
434;18;2018-06-09 00:00:00;52131 Kelley Island Suite 855\nPort Caitlynhaven, NY 89724;Guatemala City;6853'537'ST NW;Guatemala;73911;1.25
435;17;2018-06-09 00:00:00;5266 Mark Mountains Apt. 908\nNorth Gary, AR 62537;Stuttgart;8617'627'ST NW;France;87721;19.22
436;26;2018-06-09 00:00:00;63357 Terri Trail Apt. 656\nNorth Christie, DC 57460;Guatemala City;1477'601'ST AZ;Guatemala;15319;17.74
437;77;2018-06-05 00:00:00;660 Smith Cove\nDouglasmouth, CO 64178-1720;Guatemala City;7305'153'ST CA;USA;77323;11.45
438;77;2018-06-05 00:00:00;6522 Munoz Point\nLake Scott, VA 14077-3915;Palooza;9435'859'ST SSR;Guatemala;89597;16.53
439;71;2018-06-05 00:00:00;0546 Debra Unions\nKelleymouth, LA 07631-7491;Palooza;9175'334'ST AZ;France;82674;8.18
440;63;2018-06-05 00:00:00;4562 Carter Prairie\nLake Claudialand, LA 69898;Stuttgart;9806'884'ST CA;France;66202;12.96
441;46;2018-06-06 00:00:00;524 Crystal Union Apt. 599\nLake Jeffreyton, SD 52236;Palooza;1222'357'ST CA;France;63051;6.12
442;64;2018-06-06 00:00:00;6472 Nichols Tunnel Apt. 014\nLaurenmouth, OR 01870;Stuttgart;7995'952'ST CA;USA;69606;1.95
443;55;2018-06-06 00:00:00;36198 Kendra Landing Suite 353\nBryanttown, WV 28524;Guatemala City;7880'410'ST CA;Guatemala;23974;9.18
444;51;2018-06-06 00:00:00;020 Hunt Route\nGonzalezhaven, PW 78565-7113;Guatemala City;7861'742'ST CA;USA;48564;7.12
445;57;2018-06-06 00:00:00;061 Lozano Ranch Apt. 347\nMelaniefort, NE 62387;Stuttgart;2517'954'ST AZ;France;45074;2.82
446;39;2018-06-06 00:00:00;148 Timothy Path Apt. 725\nWarrenbury, ND 65222;Stuttgart;6208'394'ST CA;USA;69166;14.11
447;88;2018-06-07 00:00:00;857 Brian Brook\nSandybury, OK 54334;Guatemala City;6402'222'ST AZ;France;53273;12.63
448;89;2018-06-07 00:00:00;66040 Diana Passage Suite 513\nNorth Amychester, TN 13055;Palooza;1927'852'ST AZ;Guatemala;54820;7.79
449;47;2018-06-07 00:00:00;Unit 9733 Box 8231\nDPO AE 87218;Palooza;4143'422'ST CA;USA;45253;8.67
450;32;2018-06-07 00:00:00;2596 Gary Pines\nWest Kelly, OK 37119;Palooza;3776'256'ST NW;Guatemala;48354;9.75
451;21;2018-06-07 00:00:00;7350 Jose Hill Suite 118\nValentinefurt, IL 87459-6230;Stuttgart;6341'612'ST SSR;USA;56098;9.21
452;20;2018-06-07 00:00:00;82772 Rangel Island\nWebbberg, MP 82770;Guatemala City;8639'440'ST AZ;France;74745;19.10
453;62;2018-06-08 00:00:00;68214 Peter Turnpike Suite 376\nSouth Kellyburgh, TN 25457;Stuttgart;7013'203'ST CA;Guatemala;50605;3.14
454;16;2018-06-08 00:00:00;02843 Mitchell Tunnel\nMichelleport, CT 86426;Palooza;3882'241'ST CA;Guatemala;71945;8.83
455;43;2018-06-08 00:00:00;3891 Cassie Lights Suite 843\nWest Christopherton, DC 51722-7004;Palooza;9678'558'ST SSR;Guatemala;96162;18.17
456;72;2018-06-08 00:00:00;4309 Velasquez Corner Suite 953\nPort Allisonview, WA 80506;Palooza;6006'246'ST AZ;USA;13845;6.53
457;91;2018-06-08 00:00:00;95861 Kenneth Ridges Suite 095\nLake Mariemouth, FL 60406-3655;Guatemala City;6088'155'ST NW;England;61758;18.56
458;71;2018-06-08 00:00:00;7933 Graham Light Apt. 292\nPort Bryanstad, LA 69240-9824;Stuttgart;8300'977'ST CA;Germany;22124;10.31
459;32;2018-06-08 00:00:00;46586 Cindy Green\nLake Kimberg, WY 72715-1569;Stuttgart;6009'729'ST NW;France;59845;11.01
460;48;2018-06-08 00:00:00;PSC 2426, Box 3196\nAPO AP 11046-4894;Stuttgart;9890'600'ST CA;France;42105;10.94
461;33;2018-06-09 00:00:00;332 Dixon Manors\nWest Benjamin, UT 71730-6645;Stuttgart;5729'857'ST CA;England;84091;11.94
462;83;2018-06-09 00:00:00;USNV Morton\nFPO AA 08614;Guatemala City;2232'638'ST SSR;Guatemala;37758;7.99
463;65;2018-06-09 00:00:00;30005 Amanda Lodge\nSouth Amber, GU 76736;Guatemala City;7369'146'ST NW;England;98491;17.55
464;59;2018-06-09 00:00:00;0593 Miller Groves Suite 583\nNorth Jeffreyfort, MN 67139;Stuttgart;7988'240'ST NW;Germany;84206;8.83
465;14;2018-06-10 00:00:00;86999 Jill Walk Suite 759\nSouth Sean, LA 67811-7921;Guatemala City;9400'807'ST CA;Guatemala;27350;13.51
466;47;2018-06-10 00:00:00;930 Michelle Trafficway Apt. 220\nPort Ashleyshire, NY 65262-6954;Guatemala City;4694'831'ST CA;France;57785;14.46
467;55;2018-06-10 00:00:00;353 Thomas Prairie Apt. 636\nNew Shawn, RI 59900-2295;Guatemala City;3563'165'ST SSR;France;62101;11.37
468;67;2018-06-10 00:00:00;2314 Frank Junction\nNew Lisa, DC 98357;Stuttgart;3113'471'ST AZ;England;16052;14.29
469;28;2018-06-10 00:00:00;0170 Anderson Cove\nRushchester, NE 68007;Guatemala City;6432'492'ST NW;Germany;36355;16.83
470;91;2018-06-10 00:00:00;6683 Garcia Common Apt. 302\nDanamouth, MT 07659;Palooza;9677'130'ST SSR;USA;41032;12.89
471;63;2018-06-11 00:00:00;13084 Newton Common\nNorth Amymouth, MS 32070;Palooza;2367'318'ST CA;France;39540;11.64
472;72;2018-06-11 00:00:00;581 Daniels Plaza Apt. 041\nNorth Billy, WY 70963;Palooza;2847'833'ST CA;France;76849;1.77
473;47;2018-06-11 00:00:00;617 Anthony Ranch Apt. 131\nPort Julieside, CT 56076-5678;Palooza;7425'361'ST CA;USA;17106;15.46
474;86;2018-06-11 00:00:00;5066 Young Well\nJamesmouth, MT 82742-1305;Palooza;3780'743'ST NW;England;20967;8.78
475;65;2018-06-12 00:00:00;Unit 6033 Box 3600\nDPO AP 31578-5868;Palooza;9775'870'ST NW;England;90016;2.75
476;80;2018-06-12 00:00:00;85298 Harvey Locks\nPort Jill, IA 04933-5450;Stuttgart;4294'896'ST AZ;Guatemala;89229;17.89
477;91;2018-06-12 00:00:00;20395 Jillian View Apt. 568\nAmberbury, TX 20238-9449;Guatemala City;3455'238'ST NW;USA;91715;18.96
478;46;2018-06-12 00:00:00;50454 Becky Streets Suite 850\nEast Monicahaven, AR 27818-8376;Stuttgart;4061'489'ST NW;Guatemala;32328;11.93
479;80;2018-06-12 00:00:00;236 Collin Port Apt. 229\nLake Thomas, DC 83372;Stuttgart;9639'688'ST NW;France;51438;15.74
480;78;2018-06-12 00:00:00;0070 Ruiz Common\nNew Danielside, MI 53318-3160;Guatemala City;8127'134'ST AZ;England;59316;12.56
481;90;2018-06-13 00:00:00;034 Katherine Isle Suite 288\nPort John, TN 25752-7102;Stuttgart;6441'307'ST AZ;Guatemala;26025;1.27
482;69;2018-06-13 00:00:00;8611 Wiley Ports\nEast Henryfurt, WI 69443-1934;Palooza;1626'691'ST AZ;USA;42735;6.02
483;16;2018-06-14 00:00:00;03655 Timothy Wall\nJefferytown, NH 53514;Guatemala City;9069'209'ST NW;England;85172;14.08
484;92;2018-06-14 00:00:00;USNS Carter\nFPO AA 94149-6365;Palooza;8980'976'ST NW;France;93865;1.93
485;18;2018-06-14 00:00:00;809 David Land Apt. 088\nPort Sandra, CA 12965-6907;Stuttgart;1754'519'ST NW;USA;23398;10.91
486;51;2018-06-14 00:00:00;3982 Adrian Mill\nJackberg, TN 63102;Stuttgart;3514'880'ST AZ;Germany;59312;3.55
487;85;2018-06-14 00:00:00;3539 Ashley Plain\nLake Jackmouth, UT 27401-9991;Stuttgart;5063'910'ST SSR;USA;58104;11.42
488;90;2018-06-14 00:00:00;290 Adams Squares Suite 434\nNorth Michelleborough, ID 96128-0003;Palooza;9320'896'ST AZ;USA;85867;14.31
489;20;2018-06-14 00:00:00;2563 Michelle Burgs Apt. 066\nThomasfort, OH 61051-9120;Guatemala City;2663'325'ST NW;USA;81458;3.54
490;82;2018-06-14 00:00:00;207 Andrew Ports\nKanemouth, MD 51477-4975;Palooza;6414'366'ST CA;Guatemala;95124;14.17
491;30;2018-06-15 00:00:00;4553 Bonilla Hill Suite 214\nRamirezfurt, AR 90986;Palooza;5894'598'ST CA;England;80735;9.58
492;52;2018-06-15 00:00:00;273 Martin Fork\nNew Jenniferborough, CA 30468;Stuttgart;1300'818'ST AZ;Guatemala;46063;3.51
493;78;2018-06-15 00:00:00;7893 Ashley Turnpike Suite 760\nEast Mariaville, MH 65450-8086;Guatemala City;5194'165'ST AZ;Germany;93546;19.29
494;60;2018-06-15 00:00:00;08814 Irwin Valley Apt. 306\nSouth Michelletown, NM 09494-4109;Stuttgart;4113'862'ST NW;England;66276;9.99
495;64;2018-06-15 00:00:00;683 Patrick Parkways\nNew Jonathan, ME 19723;Guatemala City;3203'615'ST NW;USA;86447;8.83
496;69;2018-06-15 00:00:00;38385 Savannah Pike Suite 858\nHurleyside, NH 23977;Stuttgart;8423'822'ST AZ;England;44612;15.22
497;86;2018-06-15 00:00:00;83114 Stephen Radial\nSouth Jesseland, AK 30775-5815;Palooza;7019'616'ST CA;USA;86092;12.05
498;80;2018-06-15 00:00:00;40417 Heather Run Apt. 389\nChristopherchester, LA 54965-7581;Stuttgart;5613'901'ST CA;Germany;34441;19.15
499;87;2018-06-16 00:00:00;9598 Greg Square Suite 570\nTracyborough, MA 20343;Stuttgart;8164'457'ST NW;USA;71553;9.85
500;55;2018-06-16 00:00:00;USCGC Stark\nFPO AA 24300-6116;Stuttgart;7494'838'ST AZ;England;28324;4.75
501;69;2018-06-17 00:00:00;698 Hamilton Track Suite 995\nWest Ellenfurt, FM 86451;Stuttgart;3802'336'ST CA;France;35451;6.28
502;85;2018-06-17 00:00:00;579 Williams Summit\nNew Williamborough, WA 03301-1317;Stuttgart;6989'831'ST SSR;Guatemala;78493;9.12
503;26;2018-06-18 00:00:00;535 Joseph Mews\nCynthiatown, MA 90009-6990;Guatemala City;9165'736'ST SSR;Germany;37065;5.65
504;58;2018-06-18 00:00:00;16064 Eric Roads\nEast Peterburgh, NJ 67245-8229;Palooza;4297'895'ST SSR;USA;49077;13.85
505;41;2018-06-18 00:00:00;37685 Rodriguez Flats\nPort Krystal, NV 44568;Palooza;1701'250'ST SSR;Guatemala;21503;19.47
506;88;2018-06-18 00:00:00;1513 Powell Corners\nNorth Colin, PR 56244-8403;Stuttgart;5759'979'ST NW;USA;14799;19.64
507;47;2018-06-18 00:00:00;63053 Kristen Vista\nJohnstonburgh, VT 61405-5075;Stuttgart;8591'449'ST SSR;England;92695;19.45
508;30;2018-06-19 00:00:00;Unit 7813 Box 9282\nDPO AE 26862;Guatemala City;2758'443'ST SSR;USA;68010;19.79
509;60;2018-06-19 00:00:00;054 White Union\nWellsmouth, GA 67767;Stuttgart;8914'897'ST AZ;Germany;11363;6.34
510;79;2018-06-19 00:00:00;1816 William Locks Suite 046\nNorth Wendy, CO 81888;Stuttgart;8402'814'ST CA;France;65314;10.99
511;73;2018-06-19 00:00:00;0400 Baker Mills\nAllenview, NV 38441-7209;Guatemala City;5787'410'ST NW;Guatemala;99473;2.25
512;58;2018-06-20 00:00:00;12300 Young Vista\nJeffreychester, GA 09346-0119;Guatemala City;6199'231'ST NW;England;92934;8.63
513;51;2018-06-20 00:00:00;08148 Jones Rue\nPort Julieland, NC 71287;Palooza;4780'954'ST CA;England;33044;6.82
514;57;2018-06-20 00:00:00;5249 Ann Skyway Apt. 632\nHollyland, WI 02376-5247;Palooza;3378'160'ST AZ;Germany;41768;14.53
515;73;2018-06-20 00:00:00;719 Michael Meadow Suite 216\nNew Joshua, ME 65215-0275;Stuttgart;7229'219'ST SSR;England;45565;2.18
516;54;2018-06-21 00:00:00;853 Deleon Inlet\nLeonardborough, UT 48612-8138;Stuttgart;7371'274'ST NW;England;63900;2.50
517;40;2018-06-21 00:00:00;USS Mcdonald\nFPO AE 99364;Stuttgart;2958'770'ST NW;England;85512;5.85
518;16;2018-06-22 00:00:00;PSC 0271, Box 8784\nAPO AP 56405-0917;Guatemala City;1132'160'ST NW;Germany;67250;17.29
519;67;2018-06-22 00:00:00;026 Owens Fords Apt. 841\nPort Russellside, ND 59526;Guatemala City;1257'278'ST CA;England;33936;8.44
520;55;2018-06-23 00:00:00;698 Sheila Mountains\nWest Erika, CO 82855;Guatemala City;9626'485'ST CA;USA;16785;6.51
521;25;2018-06-23 00:00:00;USNV Anderson\nFPO AE 99969-1754;Stuttgart;8405'366'ST NW;Guatemala;17401;14.57
522;61;2018-06-23 00:00:00;0382 Howell Falls\nPort Samanthabury, SC 27535;Stuttgart;9366'902'ST NW;Guatemala;96863;14.06
523;22;2018-06-24 00:00:00;5027 Alexander Plains\nPort Kristen, WI 20712;Stuttgart;3615'254'ST SSR;USA;28616;19.38
524;46;2018-06-24 00:00:00;882 Wyatt Port\nNew Danielle, WV 28095-7812;Guatemala City;2607'185'ST AZ;USA;27351;18.16
525;32;2018-06-25 00:00:00;047 Justin Corners Apt. 342\nToddtown, NM 59257-6855;Stuttgart;3564'596'ST SSR;USA;76908;9.88
526;85;2018-06-25 00:00:00;95653 Timothy Lodge\nNorth Jonathan, ID 84126-6854;Guatemala City;3213'227'ST CA;Germany;92763;4.37
527;53;2018-06-25 00:00:00;75233 Marquez Lake\nEast Erica, MH 35881-0334;Stuttgart;7177'429'ST SSR;England;31682;13.43
528;90;2018-06-25 00:00:00;932 Cameron Green Suite 905\nPaynehaven, PA 93486-5330;Stuttgart;7429'726'ST NW;France;25184;8.19
529;87;2018-06-25 00:00:00;9131 Ana Motorway Apt. 929\nEast Johnny, KY 46389-9023;Stuttgart;2806'160'ST NW;England;96992;18.06
530;41;2018-06-26 00:00:00;4616 Price View Suite 400\nWest David, FM 42359-8531;Palooza;2124'449'ST CA;England;14738;10.36
531;92;2018-06-26 00:00:00;769 Johnny Stravenue\nPort Josephburgh, SD 64602-8652;Palooza;5766'551'ST NW;Guatemala;46567;16.97
532;31;2018-06-26 00:00:00;0182 Katherine Crescent Apt. 863\nHammondbury, KY 91191-1883;Guatemala City;2106'810'ST SSR;France;69087;1.24
533;86;2018-06-26 00:00:00;03836 Jeffrey Wall\nKevinfort, OK 74348;Stuttgart;3358'874'ST CA;France;58216;4.77
534;67;2018-06-26 00:00:00;8153 Irwin Route\nGravesville, AS 66720-1994;Guatemala City;6413'624'ST NW;Guatemala;90897;18.05
535;74;2018-06-27 00:00:00;1845 Alexander Expressway Apt. 022\nVillegasland, OK 39512-1122;Palooza;2959'824'ST NW;USA;29222;9.74
536;46;2018-06-27 00:00:00;65105 Patricia Vista\nTorreshaven, OK 11800-7549;Palooza;9838'823'ST NW;France;91392;11.56
537;97;2018-06-05 00:00:00;PSC 5070, Box 8559\nAPO AE 95657;Palooza;7800'945'ST CA;Guatemala;49356;12.35
538;65;2018-06-05 00:00:00;342 Perry Square\nNew Brianfort, NE 20061;Stuttgart;9173'846'ST AZ;France;76120;1.85
539;71;2018-06-05 00:00:00;910 Smith Stream\nNorth Kathyville, MD 52217;Stuttgart;4234'939'ST AZ;Germany;19499;6.99
540;33;2018-06-05 00:00:00;59001 Joseph Underpass\nEstradaport, NV 32258;Stuttgart;1964'720'ST SSR;Germany;59773;19.54
541;63;2018-06-05 00:00:00;Unit 5258 Box 8666\nDPO AP 06850;Guatemala City;5488'941'ST AZ;USA;62471;1.52
542;81;2018-06-05 00:00:00;185 Miller Crossroad\nPort Robertburgh, VI 11900-4343;Guatemala City;2599'849'ST SSR;France;70109;9.30
543;113;2018-06-06 00:00:00;4420 Jeffrey Unions Suite 851\nHowardburgh, WA 94612;Stuttgart;7284'770'ST SSR;Guatemala;41231;1.52
544;79;2018-06-06 00:00:00;76833 Dakota Lakes Apt. 030\nDavidborough, MP 28836;Palooza;8329'542'ST AZ;England;33446;9.27
545;20;2018-06-06 00:00:00;63380 Hale Island Apt. 242\nLake Laurenview, IN 36834-3519;Palooza;5690'293'ST CA;USA;95422;2.65
546;67;2018-06-06 00:00:00;2425 Brandon Loop Suite 904\nAlanfurt, TX 38957;Guatemala City;9484'376'ST AZ;Guatemala;70106;2.42
547;68;2018-06-07 00:00:00;117 Anna Flats\nSouth Christianmouth, ND 14271-7908;Stuttgart;7345'751'ST CA;England;66823;13.41
548;17;2018-06-07 00:00:00;173 Powers Mews Suite 622\nPort Kara, MA 53282;Guatemala City;7412'667'ST CA;England;68042;7.91
549;121;2018-06-07 00:00:00;52935 Spencer Village\nGregoryberg, CT 25518-9075;Guatemala City;8747'891'ST CA;Guatemala;14909;8.01
550;100;2018-06-07 00:00:00;25271 Martinez Land Apt. 169\nReidhaven, ND 71106;Guatemala City;4487'354'ST NW;USA;49218;17.98
551;29;2018-06-07 00:00:00;1684 Roy Loop Suite 365\nFloydburgh, MT 91547-5649;Palooza;8399'550'ST SSR;Germany;75175;5.56
552;82;2018-06-07 00:00:00;91097 Nicole Dale Suite 468\nRileystad, ID 05561;Palooza;7787'856'ST SSR;Guatemala;79775;19.24
553;94;2018-06-08 00:00:00;69246 Lambert Mountain Apt. 107\nNorth Morganstad, MN 49569;Guatemala City;8244'152'ST SSR;Guatemala;36360;15.34
554;104;2018-06-08 00:00:00;0424 Sandoval Bridge Apt. 960\nNorth Vanessabury, NM 06552-8841;Stuttgart;9622'364'ST NW;Germany;94068;17.43
555;70;2018-06-09 00:00:00;57425 David Field Suite 125\nBondview, GU 95758;Palooza;7520'641'ST AZ;Germany;70423;1.19
556;31;2018-06-09 00:00:00;96060 Crystal Mission\nEast Chloeville, NV 60267-2532;Guatemala City;9947'923'ST NW;France;20283;5.29
557;120;2018-06-05 00:00:00;523 Mary Walk\nSouth Rachelhaven, NM 78110;Guatemala City;6996'937'ST SSR;USA;24560;8.54
558;24;2018-06-05 00:00:00;852 Williams Prairie Apt. 868\nPort Taylorside, AR 49235-7257;Stuttgart;4589'674'ST CA;Germany;15110;9.72
559;128;2018-06-05 00:00:00;1884 Lin Island\nFitzgeraldstad, LA 24388-3173;Guatemala City;4357'700'ST SSR;Guatemala;19778;8.86
560;99;2018-06-06 00:00:00;6931 Best Trail Suite 409\nValenciatown, AL 75347;Stuttgart;8771'200'ST CA;England;55154;3.49
561;117;2018-06-06 00:00:00;1819 Zachary Way\nWest Caitlinmouth, AZ 94174-8833;Guatemala City;7236'385'ST CA;France;19547;2.74
562;48;2018-06-06 00:00:00;8692 Webb Ports\nJonathanshire, NY 67382-5400;Stuttgart;1682'376'ST SSR;Germany;79938;9.32
563;117;2018-06-06 00:00:00;0829 Rosales Tunnel Suite 720\nNorth Patrick, KY 00578-4450;Stuttgart;2649'719'ST CA;England;81639;4.44
564;21;2018-06-06 00:00:00;7734 Megan Rest\nReneebury, CT 49822;Stuttgart;5838'921'ST CA;France;89946;2.16
565;21;2018-06-06 00:00:00;PSC 1607, Box 2012\nAPO AP 39408;Palooza;3976'469'ST AZ;France;31861;19.76
566;52;2018-06-06 00:00:00;52885 Myers Inlet\nPatriciaville, MT 16540;Guatemala City;1818'413'ST CA;England;75180;1.69
567;20;2018-06-07 00:00:00;57397 Kennedy Mill\nWest Nicholashaven, WV 96671-5671;Stuttgart;2831'365'ST CA;Guatemala;37787;1.79
568;121;2018-06-07 00:00:00;7516 Lawson Pass\nMatthewside, VI 70556-8759;Palooza;5641'806'ST NW;Guatemala;27109;19.36
569;14;2018-06-07 00:00:00;7984 Hart Branch\nHaleyborough, CT 57903-1075;Stuttgart;6797'574'ST CA;Guatemala;73263;18.67
570;103;2018-06-07 00:00:00;75581 James Viaduct Suite 750\nRussellview, DC 10476;Guatemala City;4586'123'ST SSR;France;18316;7.29
571;101;2018-06-07 00:00:00;993 Thompson Fort\nBurchhaven, MP 08547;Palooza;8888'160'ST SSR;Guatemala;66175;14.72
572;57;2018-06-07 00:00:00;581 Denise Point Suite 649\nBeardmouth, AZ 41152-5976;Stuttgart;6049'131'ST CA;Guatemala;74657;13.34
573;102;2018-06-07 00:00:00;USCGC Schaefer\nFPO AE 24160-7992;Guatemala City;1739'979'ST NW;USA;20509;9.83
574;74;2018-06-07 00:00:00;46999 Matthew Forge Apt. 428\nNorth Rachelhaven, FL 13049;Guatemala City;9362'886'ST NW;France;50160;19.09
575;110;2018-06-08 00:00:00;66434 Kemp Rest\nWest Heatherview, CA 99267-2734;Stuttgart;6171'776'ST CA;USA;21178;16.74
576;99;2018-06-08 00:00:00;29009 Nichole Islands Apt. 944\nCartershire, KY 48450;Palooza;5217'879'ST NW;France;40409;2.52
577;53;2018-06-08 00:00:00;9739 Willis Plains Suite 313\nEast Daniel, GU 72985-7895;Stuttgart;7929'776'ST SSR;England;41837;19.01
578;125;2018-06-08 00:00:00;Unit 8640 Box 3114\nDPO AE 32264;Stuttgart;6890'819'ST SSR;Guatemala;44526;15.81
579;79;2018-06-08 00:00:00;05105 Medina Shores\nLake Glenn, KY 89099;Stuttgart;8017'844'ST SSR;Germany;27424;6.63
580;70;2018-06-08 00:00:00;PSC 9875, Box 7216\nAPO AP 43248-9670;Stuttgart;6636'192'ST AZ;Germany;97839;13.66
581;109;2018-06-08 00:00:00;6770 Hoffman Ranch Apt. 700\nFranklinburgh, OR 88176;Guatemala City;4454'371'ST CA;Germany;95491;11.15
582;42;2018-06-08 00:00:00;USCGC Riddle\nFPO AA 64314-7792;Palooza;4641'194'ST AZ;Guatemala;98902;8.15
583;109;2018-06-09 00:00:00;5941 Raymond Dam Suite 145\nArthurchester, MT 78957;Palooza;3901'506'ST NW;England;66161;19.37
584;116;2018-06-09 00:00:00;9287 Watkins Junction Apt. 376\nNorth Nicholas, WY 41533-1200;Guatemala City;2555'917'ST SSR;Germany;19545;5.64
585;65;2018-06-09 00:00:00;81992 Kristine Via Apt. 930\nNorth Jamie, WA 03086-9483;Stuttgart;4011'654'ST CA;France;12961;12.95
586;31;2018-06-10 00:00:00;336 White Road\nSouth Annettehaven, MN 41339-8337;Palooza;1574'781'ST NW;England;27287;4.67
587;43;2018-06-10 00:00:00;14680 Martin Mount\nEast Donna, MO 54151-4976;Palooza;7861'878'ST AZ;France;16909;13.83
588;73;2018-06-10 00:00:00;922 Miller Lodge Apt. 092\nEast Charlesfort, WI 32303-6219;Palooza;1665'557'ST CA;USA;62093;12.75
589;72;2018-06-11 00:00:00;98830 Green Parkways Suite 998\nNorth Bobbyside, CA 56535;Stuttgart;3687'996'ST AZ;USA;34635;2.32
590;27;2018-06-11 00:00:00;10998 Davis Way Suite 681\nNew Jeffrey, NC 20446-4249;Palooza;4558'468'ST AZ;England;16785;10.51
591;87;2018-06-11 00:00:00;710 Jeremy Flats\nPort Jennifer, AS 82123;Palooza;3899'261'ST CA;England;14440;11.15
592;103;2018-06-11 00:00:00;98678 Crawford Valleys Apt. 424\nFrankmouth, MI 97851-4237;Stuttgart;7866'595'ST SSR;Guatemala;18698;7.39
593;28;2018-06-11 00:00:00;7452 Melissa Isle Suite 573\nLake Tiffany, MI 48994;Stuttgart;9926'200'ST SSR;Guatemala;30893;13.57
594;122;2018-06-11 00:00:00;219 Jessica Passage\nNew Williamland, MH 72258;Guatemala City;5215'763'ST SSR;England;38349;2.29
595;117;2018-06-12 00:00:00;79395 Ruiz Loaf\nJohnnyburgh, HI 06058;Stuttgart;8979'240'ST AZ;Guatemala;16572;3.94
596;113;2018-06-12 00:00:00;5107 Williams Keys\nRiveraville, UT 40237;Stuttgart;9209'672'ST NW;Germany;32858;4.00
597;127;2018-06-12 00:00:00;446 Evelyn Knoll\nNorth Nicole, MD 84129;Guatemala City;2323'722'ST SSR;Germany;31866;19.01
598;94;2018-06-12 00:00:00;3707 Dunn Trail\nEast Anthonymouth, MT 03737-8694;Guatemala City;1399'946'ST SSR;Guatemala;85105;16.50
599;55;2018-06-13 00:00:00;7294 Bentley Mission Suite 792\nSaraside, MA 10408;Palooza;8718'718'ST NW;Germany;58843;1.93
600;107;2018-06-13 00:00:00;57128 William Roads Suite 543\nSimmonston, VI 93660-8303;Stuttgart;9569'336'ST SSR;Germany;21947;4.93
601;24;2018-06-13 00:00:00;819 Tonya Shoal\nGordonside, SC 50673-9653;Palooza;3887'726'ST SSR;USA;96164;9.72
602;110;2018-06-13 00:00:00;25934 Thompson Valley\nStephaniefurt, NH 26351;Stuttgart;5802'682'ST NW;USA;30161;16.90
603;127;2018-06-13 00:00:00;501 Smith Grove\nHannahside, AS 20373-1371;Palooza;9512'553'ST CA;France;48089;8.35
604;90;2018-06-13 00:00:00;53715 Patterson Cliff Suite 697\nNew Erinton, AR 21153;Stuttgart;1585'530'ST CA;France;24626;17.18
605;107;2018-06-14 00:00:00;83342 Makayla Keys\nGillespieland, VT 26170;Stuttgart;3670'708'ST SSR;Guatemala;27915;14.26
606;62;2018-06-14 00:00:00;4392 Kimberly Flat\nNorth Teresamouth, NC 84241;Guatemala City;3337'822'ST AZ;France;72348;5.08
607;16;2018-06-15 00:00:00;421 Parker Extension Apt. 321\nMelissahaven, CT 91348-1444;Guatemala City;2027'957'ST AZ;Guatemala;56701;15.21
608;52;2018-06-15 00:00:00;2941 Ryan Lodge Apt. 282\nEast Charlesview, MH 56241-6421;Stuttgart;7480'540'ST NW;USA;60078;5.86
609;75;2018-06-15 00:00:00;8076 Sexton Mills\nSimmonstown, MI 48595;Stuttgart;3727'295'ST AZ;USA;85419;12.84
610;84;2018-06-15 00:00:00;91799 Smith Ridge\nWest Michaelburgh, NM 06418-3736;Palooza;1248'758'ST CA;Germany;89595;7.96
611;94;2018-06-16 00:00:00;USS Lara\nFPO AE 23185;Stuttgart;4352'650'ST NW;Guatemala;98946;10.19
612;93;2018-06-16 00:00:00;26355 Laurie Fields Apt. 146\nPort Randyton, KS 75627;Guatemala City;6671'961'ST SSR;USA;75363;6.21
613;87;2018-06-16 00:00:00;0675 Megan Village Apt. 214\nNew Scott, AK 94563;Palooza;6249'842'ST SSR;England;81338;19.26
614;127;2018-06-16 00:00:00;7494 Green Pine\nJohnsonview, AK 94646-2266;Stuttgart;7567'364'ST NW;Germany;59001;14.57
615;80;2018-06-16 00:00:00;7015 Hammond Ridges Suite 688\nNew Christopherborough, HI 23988-9491;Guatemala City;1558'233'ST AZ;Germany;83495;3.49
616;107;2018-06-17 00:00:00;27415 Dunn Highway\nBrianstad, SC 91132-9087;Palooza;5920'865'ST NW;England;97142;8.92
617;86;2018-06-17 00:00:00;6240 Roy Spur Apt. 172\nThompsonborough, NH 92043-9335;Palooza;8886'277'ST NW;Germany;11710;9.23
618;52;2018-06-17 00:00:00;652 Benjamin Dale Apt. 323\nMargaretberg, VA 49153;Guatemala City;3874'283'ST NW;Guatemala;40659;17.19
619;28;2018-06-17 00:00:00;83270 Paul Gardens Apt. 524\nMcclainburgh, VT 48626-8075;Palooza;5822'949'ST SSR;USA;63690;6.24
620;52;2018-06-17 00:00:00;6112 Wong Forks\nYolandashire, PR 88583-0695;Stuttgart;2267'275'ST SSR;Guatemala;41165;11.52
621;82;2018-06-17 00:00:00;2712 Dominguez Land Suite 150\nHowardhaven, IA 58119-4517;Palooza;6175'396'ST CA;USA;20295;3.92
622;122;2018-06-18 00:00:00;1370 Chang Springs\nPort Christopher, NV 17759;Stuttgart;4087'341'ST SSR;Germany;96746;17.95
623;24;2018-06-18 00:00:00;7202 Smith Run\nBrianfurt, PW 02706-9254;Stuttgart;8995'236'ST CA;England;37143;16.53
624;120;2018-06-18 00:00:00;48072 Walker Stravenue Suite 594\nNorth Rita, IA 47662;Palooza;8479'526'ST NW;Germany;13567;1.27
625;98;2018-06-18 00:00:00;941 Craig Mission\nBrianville, MT 90669-0927;Palooza;1766'337'ST AZ;England;16323;2.99
626;59;2018-06-18 00:00:00;87675 Garrett Estate\nNew Nathanmouth, NM 42654;Palooza;2015'311'ST AZ;England;13597;8.42
627;116;2018-06-18 00:00:00;404 Goodman Land\nNorth Jaredmouth, AR 27212;Guatemala City;8784'226'ST AZ;England;53137;16.19
628;126;2018-06-19 00:00:00;26748 Kristen Stravenue\nWest Charlotteland, WI 87549;Guatemala City;8623'765'ST CA;England;30725;16.07
629;52;2018-06-19 00:00:00;8990 Garza Walk\nHayesfurt, VA 31718-9099;Palooza;6627'265'ST AZ;France;66172;17.06
630;74;2018-06-19 00:00:00;651 William Forge\nSouth Donnaberg, NC 29720;Stuttgart;1130'539'ST NW;Germany;78624;10.21
631;74;2018-06-19 00:00:00;54331 Lane Drive Apt. 991\nVirginialand, DE 63037;Stuttgart;4687'713'ST NW;France;50040;12.64
632;65;2018-06-19 00:00:00;2499 Watson Shoal Apt. 359\nJacobsview, IA 23024;Stuttgart;8110'305'ST AZ;France;34934;17.26
633;68;2018-06-20 00:00:00;090 Jeremy Corner\nEast Shane, ME 93717;Guatemala City;4666'380'ST SSR;Guatemala;30323;19.85
634;122;2018-06-20 00:00:00;93981 Martin Springs Apt. 493\nLake Kristin, OH 64792-4038;Guatemala City;4096'949'ST SSR;Germany;53904;6.90
635;84;2018-06-20 00:00:00;799 Williams Pass\nNorth Erikaborough, PW 90005-4077;Palooza;7800'916'ST SSR;England;42775;4.42
636;107;2018-06-20 00:00:00;7673 Anthony Gateway Suite 850\nSouth Sheilaberg, NV 10968;Guatemala City;8195'737'ST SSR;Guatemala;70308;16.16
637;90;2018-06-20 00:00:00;PSC 1809, Box 7993\nAPO AE 76183;Stuttgart;4035'127'ST NW;USA;50973;16.08
638;15;2018-06-20 00:00:00;19092 Zachary Key\nPort Nicholas, OR 33512-2391;Guatemala City;9743'726'ST AZ;France;99137;17.60
639;17;2018-06-21 00:00:00;773 James Lodge\nGrantfurt, MA 21353;Stuttgart;6069'282'ST SSR;USA;84299;10.61
640;53;2018-06-21 00:00:00;2084 Jacob Trafficway Apt. 786\nJenniferborough, KY 74771-2044;Guatemala City;3096'588'ST NW;Germany;97284;6.67
641;57;2018-06-21 00:00:00;4979 Carter Canyon Apt. 690\nKimberlyville, NJ 78869-6541;Guatemala City;9283'428'ST SSR;Guatemala;26940;13.07
642;74;2018-06-21 00:00:00;2231 Parks Isle Apt. 984\nSavannahport, MA 91013-2742;Palooza;9277'122'ST CA;France;39085;5.01
643;111;2018-06-21 00:00:00;8742 Wade Isle\nPort Robertborough, WI 64166-6615;Palooza;8883'212'ST CA;Guatemala;79166;17.22
644;86;2018-06-21 00:00:00;98209 Savannah Mountains\nSouth Dianeside, KS 86577-8079;Stuttgart;3988'242'ST SSR;USA;19721;9.76
645;64;2018-06-21 00:00:00;0227 Tina Club\nJerrymouth, TN 62874;Stuttgart;6598'542'ST AZ;USA;54048;11.14
646;16;2018-06-21 00:00:00;42074 Herrera Dale Apt. 213\nEast Brittanyfort, CT 46208-3731;Palooza;5313'125'ST SSR;Guatemala;49047;5.28
647;118;2018-06-22 00:00:00;86333 Clayton Shore\nEast Lukeberg, KY 55590;Palooza;3246'795'ST NW;Germany;46784;10.18
648;104;2018-06-22 00:00:00;273 Regina Lake\nStuartfort, LA 48254-4093;Palooza;8977'965'ST NW;France;88468;13.30
649;62;2018-06-22 00:00:00;230 Morse Village Apt. 659\nJonesmouth, PR 98675-1035;Guatemala City;1270'420'ST AZ;USA;75009;17.64
650;29;2018-06-23 00:00:00;2329 Thomas Mill Suite 286\nDawnton, UT 85800;Palooza;8316'655'ST AZ;France;87463;18.17
651;26;2018-06-23 00:00:00;280 Martin Turnpike\nChelseaborough, OR 83447-9447;Palooza;8333'378'ST CA;England;61410;5.57
652;65;2018-06-23 00:00:00;99661 April Stream\nJoshuahaven, MA 57135-5365;Palooza;8440'789'ST NW;Guatemala;28430;7.82
653;128;2018-06-23 00:00:00;97684 Jeffrey Estate Suite 495\nNorth Drewton, IN 76733-5108;Guatemala City;9140'841'ST SSR;USA;93928;12.86
654;41;2018-06-23 00:00:00;82860 Kelsey Forges\nMarquezville, DC 95350-5910;Palooza;6598'986'ST CA;Germany;30506;3.68
655;57;2018-06-23 00:00:00;PSC 0683, Box 8430\nAPO AE 79733-9716;Palooza;7098'452'ST CA;Guatemala;87822;17.82
656;54;2018-06-23 00:00:00;580 Sherry Circles Suite 408\nNew Pamela, KY 32326-9697;Stuttgart;3926'306'ST AZ;France;89562;9.67
657;66;2018-06-05 00:00:00;085 Castillo Village\nAdamport, WI 42300-0807;Stuttgart;6822'207'ST NW;England;57543;3.54
658;29;2018-06-05 00:00:00;2030 Thomas Springs Suite 401\nSamanthaborough, VT 51220;Palooza;9845'818'ST AZ;France;98353;3.99
659;80;2018-06-06 00:00:00;938 Johnson Highway Apt. 687\nDyerfort, DE 77745-6347;Palooza;6754'621'ST CA;USA;13922;6.45
660;43;2018-06-06 00:00:00;810 Campos Pass Suite 731\nNew Gregory, AL 00005-9272;Palooza;2747'750'ST CA;USA;26848;19.04
661;115;2018-06-06 00:00:00;Unit 5380 Box 3660\nDPO AE 46344-4603;Palooza;3025'760'ST SSR;England;98245;2.09
662;19;2018-06-06 00:00:00;61686 Jesus Station Suite 124\nLloydtown, WY 87330-8548;Stuttgart;8460'349'ST NW;France;96201;12.13
663;21;2018-06-06 00:00:00;9256 Douglas Ridge\nLake Nancy, SC 51512;Guatemala City;1465'567'ST SSR;Germany;35201;4.15
664;19;2018-06-06 00:00:00;2528 Rhonda Square\nHarrismouth, MO 90026;Palooza;4735'374'ST NW;England;87965;18.29
665;15;2018-06-06 00:00:00;USS Clark\nFPO AP 16832;Guatemala City;8812'707'ST AZ;USA;60544;6.70
666;117;2018-06-06 00:00:00;165 Douglas Way Suite 405\nPort Karenmouth, NV 62904-9204;Guatemala City;2141'809'ST AZ;USA;93411;5.38
667;104;2018-06-07 00:00:00;414 Flores Bypass Apt. 989\nJohnville, WY 44881-5266;Stuttgart;1371'158'ST AZ;England;17289;1.29
668;109;2018-06-07 00:00:00;04223 Andrew Estate\nCalhounside, FM 97540;Guatemala City;9957'915'ST NW;France;55998;13.52
669;132;2018-06-07 00:00:00;1113 Alexa Camp Suite 884\nSandrachester, OK 71863;Palooza;5752'233'ST SSR;France;88279;7.43
670;23;2018-06-08 00:00:00;498 Jesse Fields Apt. 482\nEdwardsport, WI 30749;Palooza;1977'998'ST AZ;England;25563;16.78
671;114;2018-06-08 00:00:00;Unit 4549 Box 3569\nDPO AP 15592-3866;Palooza;9141'746'ST AZ;Germany;14573;19.65
672;110;2018-06-09 00:00:00;351 Harmon Expressway\nOwensborough, MT 29188-0567;Stuttgart;3062'885'ST SSR;Guatemala;65968;13.71
673;80;2018-06-09 00:00:00;742 Joshua Roads\nEast Shawnfurt, FL 88674-2535;Palooza;2561'602'ST NW;France;41410;1.63
674;17;2018-06-09 00:00:00;10059 Melissa Roads Suite 812\nLake Nathan, PR 79040;Guatemala City;7007'245'ST NW;Guatemala;78029;7.99
675;122;2018-06-09 00:00:00;85502 Mcgrath Greens\nWareview, KY 51522-0881;Palooza;5563'889'ST SSR;England;50493;4.63
676;18;2018-06-09 00:00:00;6237 Jennifer Points Suite 035\nWallacestad, NE 50761;Stuttgart;8445'748'ST CA;Germany;17383;11.37
677;75;2018-06-09 00:00:00;4635 Eric Road\nAndersonmouth, ID 33877;Stuttgart;7266'895'ST SSR;USA;13616;16.64
678;110;2018-06-10 00:00:00;51148 Kelly Street\nWoodport, LA 14760-6036;Palooza;2963'327'ST AZ;Germany;27329;1.65
679;17;2018-06-10 00:00:00;91596 Fisher Dam\nEast Sarah, VA 05582;Stuttgart;7006'764'ST NW;Germany;42937;8.44
680;70;2018-06-10 00:00:00;44744 Holden Springs Apt. 900\nBryanborough, WY 86752;Stuttgart;7439'257'ST AZ;Germany;26569;16.32
681;116;2018-06-11 00:00:00;Unit 7966 Box 1390\nDPO AE 61294-2587;Guatemala City;1221'151'ST AZ;Guatemala;15149;16.74
682;65;2018-06-11 00:00:00;14282 Spencer Union Apt. 863\nPort Louis, AS 84509;Guatemala City;9615'611'ST CA;England;28977;7.84
683;61;2018-06-11 00:00:00;55187 Patrick Lakes Apt. 495\nKristychester, AS 47094-5852;Palooza;2390'718'ST NW;USA;60228;9.68
684;108;2018-06-11 00:00:00;0723 Denise Branch Suite 276\nEast Pamela, NV 61439;Stuttgart;2184'818'ST AZ;Germany;18866;5.19
685;33;2018-06-11 00:00:00;313 Graham Mission\nSouth James, VI 95383-8139;Palooza;3304'497'ST NW;USA;51206;19.37
686;106;2018-06-11 00:00:00;451 Justin Tunnel Apt. 418\nGreenefort, DE 01501-9147;Palooza;6155'325'ST NW;Germany;64590;11.78
687;83;2018-06-12 00:00:00;64616 Holmes Unions\nSouth Mark, HI 70062;Stuttgart;5641'814'ST CA;France;78878;18.95
688;109;2018-06-12 00:00:00;340 Morgan Stravenue\nNew Gloria, IL 43475;Stuttgart;6610'744'ST NW;Guatemala;54561;18.16
689;78;2018-06-12 00:00:00;PSC 8604, Box 1252\nAPO AE 46738;Guatemala City;6120'194'ST NW;England;89534;18.38
690;119;2018-06-13 00:00:00;6774 Clarence Point Suite 605\nNorth Andrewfort, TN 97388-9600;Guatemala City;4155'810'ST SSR;Germany;36909;17.80
691;32;2018-06-13 00:00:00;429 Cindy Alley\nNew Michael, WI 66751-9379;Stuttgart;2020'940'ST AZ;USA;28236;5.00
692;31;2018-06-13 00:00:00;4773 Ronald Center Suite 798\nLake Stacy, NJ 70818;Palooza;4045'335'ST CA;USA;63470;11.55
693;91;2018-06-13 00:00:00;3872 Robert Rue\nRubiotown, OR 72720;Palooza;9996'112'ST AZ;Germany;47288;11.72
694;85;2018-06-13 00:00:00;1064 Deborah Road\nNorth Michaelberg, SD 70657-3803;Stuttgart;3686'324'ST SSR;England;57913;16.58
695;99;2018-06-13 00:00:00;452 Shelby Landing Apt. 067\nSouth Andreaview, AL 12989-0779;Stuttgart;8534'306'ST NW;Guatemala;68935;13.26
696;100;2018-06-13 00:00:00;778 Leonard Valley\nKristinville, CA 02735;Guatemala City;4277'193'ST CA;Guatemala;93277;18.77
697;82;2018-06-13 00:00:00;98781 Frank Prairie\nAmymouth, MA 31185-8855;Stuttgart;8318'476'ST AZ;Guatemala;56924;8.49
698;52;2018-06-14 00:00:00;36460 Thomas Ports Apt. 662\nHollystad, AS 00703;Stuttgart;1562'502'ST AZ;USA;82703;2.49
699;111;2018-06-14 00:00:00;95500 Madison Row\nAllisontown, NV 68393;Palooza;5653'347'ST AZ;USA;81434;3.57
700;55;2018-06-14 00:00:00;105 Ramos Valley\nEast Robinside, NE 35045;Stuttgart;7487'370'ST SSR;Germany;18749;2.33
701;121;2018-06-14 00:00:00;4136 Corey Road\nEast Victoriaberg, PA 30219-7373;Guatemala City;6188'594'ST CA;France;85710;11.32
702;123;2018-06-14 00:00:00;46372 Johnson Cove Apt. 837\nVazquezburgh, OR 34656-1201;Guatemala City;6437'573'ST SSR;France;23529;12.26
703;78;2018-06-14 00:00:00;40246 Kenneth Route Suite 338\nSouth Christine, MA 62665;Stuttgart;4338'209'ST NW;England;75340;18.55
704;93;2018-06-14 00:00:00;USNS Nguyen\nFPO AE 83870-6427;Palooza;9890'767'ST CA;Guatemala;34602;4.49
705;131;2018-06-14 00:00:00;7224 Sarah Isle Apt. 697\nBraunmouth, OK 14501;Palooza;7528'532'ST SSR;France;67019;12.08
706;127;2018-06-15 00:00:00;027 Todd Centers\nPeggyside, WA 69015-7191;Palooza;1944'214'ST AZ;Guatemala;84626;4.86
